DATE,VALUE
31/12/1996,0.83
02/01/1997,0.83
03/01/1997,0.83
06/01/1997,0.85
07/01/1997,0.84
08/01/1997,0.83
09/01/1997,0.85
10/01/1997,0.95
13/01/1997,0.83
14/01/1997,0.83
15/01/1997,0.83
16/01/1997,0.82
17/01/1997,0.82
20/01/1997,0.82
21/01/1997,0.83
22/01/1997,0.82
23/01/1997,0.82
24/01/1997,0.82
27/01/1997,0.82
28/01/1997,0.82
29/01/1997,0.82
30/01/1997,0.82
31/01/1997,0.82
03/02/1997,0.82
04/02/1997,0.82
05/02/1997,0.82
06/02/1997,0.82
07/02/1997,0.82
10/02/1997,0.81
11/02/1997,0.81
12/02/1997,0.82
13/02/1997,0.81
14/02/1997,0.81
18/02/1997,0.81
19/02/1997,0.81
20/02/1997,0.81
21/02/1997,0.81
24/02/1997,0.8
25/02/1997,0.8
26/02/1997,0.8
27/02/1997,0.79
28/02/1997,0.79
03/03/1997,0.77
04/03/1997,0.77
05/03/1997,0.76
06/03/1997,0.77
07/03/1997,0.77
10/03/1997,0.76
11/03/1997,0.76
12/03/1997,0.77
13/03/1997,0.77
14/03/1997,0.77
17/03/1997,0.77
18/03/1997,0.77
19/03/1997,0.76
20/03/1997,0.76
21/03/1997,0.76
24/03/1997,0.76
25/03/1997,0.76
26/03/1997,0.76
27/03/1997,0.75
31/03/1997,0.76
01/04/1997,0.77
02/04/1997,0.77
03/04/1997,0.77
04/04/1997,0.77
07/04/1997,0.78
08/04/1997,0.78
09/04/1997,0.78
10/04/1997,0.78
11/04/1997,0.77
14/04/1997,0.78
15/04/1997,0.78
16/04/1997,0.77
17/04/1997,0.77
18/04/1997,0.77
21/04/1997,0.77
22/04/1997,0.79
23/04/1997,0.79
24/04/1997,0.79
25/04/1997,0.79
28/04/1997,0.79
29/04/1997,0.79
30/04/1997,0.79
01/05/1997,0.79
02/05/1997,0.79
05/05/1997,0.79
06/05/1997,0.79
07/05/1997,0.78
08/05/1997,0.78
09/05/1997,0.78
12/05/1997,0.78
13/05/1997,0.78
14/05/1997,0.76
15/05/1997,0.78
16/05/1997,0.77
19/05/1997,0.78
20/05/1997,0.78
21/05/1997,0.78
22/05/1997,0.77
23/05/1997,0.78
27/05/1997,0.77
28/05/1997,0.77
29/05/1997,0.78
30/05/1997,0.79
31/05/1997,0.79
02/06/1997,0.78
03/06/1997,0.77
04/06/1997,0.77
05/06/1997,0.77
06/06/1997,0.78
09/06/1997,0.76
10/06/1997,0.76
11/06/1997,0.77
12/06/1997,0.76
13/06/1997,0.76
16/06/1997,0.76
17/06/1997,0.75
18/06/1997,0.75
19/06/1997,0.75
20/06/1997,0.75
23/06/1997,0.75
24/06/1997,0.75
25/06/1997,0.75
26/06/1997,0.75
27/06/1997,0.76
30/06/1997,0.76
01/07/1997,0.76
02/07/1997,0.76
03/07/1997,0.76
07/07/1997,0.76
08/07/1997,0.75
09/07/1997,0.75
10/07/1997,0.75
11/07/1997,0.75
14/07/1997,0.74
15/07/1997,0.75
16/07/1997,0.75
17/07/1997,0.75
18/07/1997,0.74
21/07/1997,0.74
22/07/1997,0.75
23/07/1997,0.73
24/07/1997,0.74
25/07/1997,0.74
28/07/1997,0.74
29/07/1997,0.74
30/07/1997,0.73
31/07/1997,0.74
01/08/1997,0.74
04/08/1997,0.74
05/08/1997,0.74
06/08/1997,0.75
07/08/1997,0.73
08/08/1997,0.72
11/08/1997,0.72
12/08/1997,0.73
13/08/1997,0.73
14/08/1997,0.74
15/08/1997,0.73
18/08/1997,0.74
19/08/1997,0.74
20/08/1997,0.74
21/08/1997,0.73
22/08/1997,0.73
25/08/1997,0.74
26/08/1997,0.74
27/08/1997,0.74
28/08/1997,0.75
29/08/1997,0.74
31/08/1997,0.74
02/09/1997,0.75
03/09/1997,0.75
04/09/1997,0.74
05/09/1997,0.75
08/09/1997,0.75
09/09/1997,0.75
10/09/1997,0.76
11/09/1997,0.75
12/09/1997,0.76
15/09/1997,0.75
16/09/1997,0.76
17/09/1997,0.75
18/09/1997,0.75
19/09/1997,0.75
22/09/1997,0.74
23/09/1997,0.75
24/09/1997,0.75
25/09/1997,0.74
26/09/1997,0.74
29/09/1997,0.74
30/09/1997,0.75
01/10/1997,0.75
02/10/1997,0.75
03/10/1997,0.74
06/10/1997,0.75
07/10/1997,0.75
08/10/1997,0.75
09/10/1997,0.74
10/10/1997,0.82
13/10/1997,0.82
14/10/1997,0.75
15/10/1997,0.75
16/10/1997,0.75
17/10/1997,0.75
20/10/1997,0.75
21/10/1997,0.75
22/10/1997,0.75
23/10/1997,0.74
24/10/1997,0.75
27/10/1997,0.79
28/10/1997,0.77
29/10/1997,0.77
30/10/1997,0.78
31/10/1997,0.84
03/11/1997,0.86
04/11/1997,0.85
05/11/1997,0.86
06/11/1997,0.88
07/11/1997,0.88
10/11/1997,0.88
11/11/1997,0.87
12/11/1997,0.88
13/11/1997,0.88
14/11/1997,0.88
17/11/1997,0.87
18/11/1997,0.87
19/11/1997,0.87
20/11/1997,0.88
21/11/1997,0.88
24/11/1997,0.88
25/11/1997,0.88
26/11/1997,0.89
27/11/1997,0.89
28/11/1997,0.89
30/11/1997,0.91
01/12/1997,0.91
02/12/1997,0.91
03/12/1997,0.9
04/12/1997,0.91
05/12/1997,0.91
08/12/1997,0.91
09/12/1997,0.91
10/12/1997,0.91
11/12/1997,0.91
12/12/1997,0.91
15/12/1997,0.9
16/12/1997,0.91
17/12/1997,0.9
18/12/1997,0.91
19/12/1997,0.89
22/12/1997,0.92
23/12/1997,0.92
24/12/1997,0.93
26/12/1997,0.91
29/12/1997,0.92
30/12/1997,0.92
31/12/1997,0.93
02/01/1998,0.94
05/01/1998,0.94
06/01/1998,0.94
07/01/1998,0.94
08/01/1998,0.93
09/01/1998,0.94
12/01/1998,0.95
13/01/1998,0.96
14/01/1998,0.95
15/01/1998,0.95
16/01/1998,0.95
19/01/1998,0.95
20/01/1998,0.96
21/01/1998,0.97
22/01/1998,0.97
23/01/1998,0.96
26/01/1998,0.97
27/01/1998,0.96
28/01/1998,0.98
29/01/1998,0.99
30/01/1998,1.03
31/01/1998,1.03
02/02/1998,1.02
03/02/1998,1.02
04/02/1998,1.02
05/02/1998,1.02
06/02/1998,1.02
09/02/1998,1.02
10/02/1998,1.02
11/02/1998,1.03
12/02/1998,1.01
13/02/1998,1.01
16/02/1998,1.01
17/02/1998,0.97
18/02/1998,1.01
19/02/1998,1.01
20/02/1998,1.01
23/02/1998,1.01
24/02/1998,1.01
25/02/1998,1.01
26/02/1998,1.01
27/02/1998,1
28/02/1998,1.01
02/03/1998,0.98
03/03/1998,0.98
04/03/1998,0.99
05/03/1998,0.99
06/03/1998,0.98
09/03/1998,0.98
10/03/1998,0.98
11/03/1998,0.99
12/03/1998,0.99
13/03/1998,0.98
16/03/1998,0.99
17/03/1998,0.98
18/03/1998,0.98
19/03/1998,0.99
20/03/1998,0.98
23/03/1998,0.98
24/03/1998,0.97
25/03/1998,0.98
26/03/1998,0.99
27/03/1998,0.98
30/03/1998,0.98
31/03/1998,0.98
01/04/1998,0.98
02/04/1998,0.98
03/04/1998,0.98
06/04/1998,0.98
07/04/1998,0.98
08/04/1998,0.98
09/04/1998,0.99
13/04/1998,0.98
14/04/1998,0.99
15/04/1998,0.98
16/04/1998,0.98
17/04/1998,0.98
20/04/1998,0.98
21/04/1998,0.98
22/04/1998,0.98
23/04/1998,0.98
24/04/1998,0.98
27/04/1998,0.97
28/04/1998,0.98
29/04/1998,0.98
30/04/1998,0.98
01/05/1998,0.97
04/05/1998,0.97
05/05/1998,0.98
06/05/1998,0.97
07/05/1998,0.98
08/05/1998,0.98
11/05/1998,0.97
12/05/1998,0.98
13/05/1998,0.98
14/05/1998,0.97
15/05/1998,0.96
18/05/1998,0.97
19/05/1998,0.96
20/05/1998,0.97
21/05/1998,0.97
22/05/1998,0.97
25/05/1998,0.97
26/05/1998,0.96
27/05/1998,0.96
28/05/1998,0.97
29/05/1998,0.97
31/05/1998,0.97
01/06/1998,0.97
02/06/1998,0.98
03/06/1998,0.98
04/06/1998,0.99
05/06/1998,0.99
08/06/1998,0.99
09/06/1998,0.99
10/06/1998,0.99
11/06/1998,0.99
12/06/1998,0.99
15/06/1998,0.99
16/06/1998,1
17/06/1998,0.99
18/06/1998,0.99
19/06/1998,0.99
22/06/1998,0.99
23/06/1998,1
24/06/1998,1
25/06/1998,0.99
26/06/1998,1
29/06/1998,0.99
30/06/1998,1.02
01/07/1998,1.04
02/07/1998,1.04
03/07/1998,1.04
06/07/1998,1.04
07/07/1998,1.04
08/07/1998,1.04
09/07/1998,1.04
10/07/1998,1.04
13/07/1998,1.04
14/07/1998,1.04
15/07/1998,1.03
16/07/1998,1.03
17/07/1998,1.04
20/07/1998,1.04
21/07/1998,1.03
22/07/1998,1.03
23/07/1998,1.03
24/07/1998,1.03
27/07/1998,1.03
28/07/1998,1.01
29/07/1998,1.04
30/07/1998,1.07
31/07/1998,1.12
03/08/1998,1.12
04/08/1998,1.12
05/08/1998,1.12
06/08/1998,1.13
07/08/1998,1.12
10/08/1998,1.13
11/08/1998,1.13
12/08/1998,1.14
13/08/1998,1.14
14/08/1998,1.14
17/08/1998,1.15
18/08/1998,1.15
19/08/1998,1.16
20/08/1998,1.17
21/08/1998,1.18
24/08/1998,1.19
25/08/1998,1.21
26/08/1998,1.21
27/08/1998,1.23
28/08/1998,1.36
31/08/1998,1.71
01/09/1998,1.69
02/09/1998,1.7
03/09/1998,1.69
04/09/1998,1.7
07/09/1998,1.69
08/09/1998,1.67
09/09/1998,1.68
10/09/1998,1.69
11/09/1998,1.69
14/09/1998,1.68
15/09/1998,1.67
16/09/1998,1.68
17/09/1998,1.68
18/09/1998,1.68
21/09/1998,1.67
22/09/1998,1.68
23/09/1998,1.68
24/09/1998,1.68
25/09/1998,1.69
28/09/1998,1.68
29/09/1998,1.72
30/09/1998,1.78
01/10/1998,1.79
02/10/1998,1.8
05/10/1998,1.81
06/10/1998,1.81
07/10/1998,1.8
08/10/1998,1.79
09/10/1998,1.8
12/10/1998,1.81
13/10/1998,1.82
14/10/1998,1.83
15/10/1998,1.84
16/10/1998,1.84
19/10/1998,1.85
20/10/1998,1.85
21/10/1998,1.85
22/10/1998,1.85
23/10/1998,1.82
26/10/1998,1.86
27/10/1998,1.85
28/10/1998,1.87
29/10/1998,1.89
30/10/1998,1.96
31/10/1998,1.97
02/11/1998,1.96
03/11/1998,1.96
04/11/1998,1.95
05/11/1998,1.94
06/11/1998,1.93
09/11/1998,1.92
10/11/1998,1.92
11/11/1998,1.92
12/11/1998,1.91
13/11/1998,1.92
16/11/1998,1.91
17/11/1998,1.9
18/11/1998,1.9
19/11/1998,1.9
20/11/1998,1.89
23/11/1998,1.89
24/11/1998,1.84
25/11/1998,1.83
26/11/1998,1.83
27/11/1998,1.82
30/11/1998,1.75
01/12/1998,1.75
02/12/1998,1.75
03/12/1998,1.74
04/12/1998,1.75
07/12/1998,1.72
08/12/1998,1.73
09/12/1998,1.72
10/12/1998,1.73
11/12/1998,1.73
14/12/1998,1.78
15/12/1998,1.78
16/12/1998,1.78
17/12/1998,1.77
18/12/1998,1.76
21/12/1998,1.76
22/12/1998,1.77
23/12/1998,1.78
24/12/1998,1.79
28/12/1998,1.82
29/12/1998,1.84
30/12/1998,1.76
31/12/1998,1.71
04/01/1999,1.72
05/01/1999,1.73
06/01/1999,1.73
07/01/1999,1.73
08/01/1999,1.68
11/01/1999,1.66
12/01/1999,1.68
13/01/1999,1.69
14/01/1999,1.68
15/01/1999,1.68
18/01/1999,1.71
19/01/1999,1.67
20/01/1999,1.67
21/01/1999,1.69
22/01/1999,1.68
25/01/1999,1.67
26/01/1999,1.68
27/01/1999,1.68
28/01/1999,1.67
29/01/1999,1.62
31/01/1999,1.63
01/02/1999,1.64
02/02/1999,1.63
03/02/1999,1.63
04/02/1999,1.64
05/02/1999,1.61
08/02/1999,1.61
09/02/1999,1.64
10/02/1999,1.59
11/02/1999,1.59
12/02/1999,1.6
15/02/1999,1.59
16/02/1999,1.58
17/02/1999,1.58
18/02/1999,1.55
19/02/1999,1.56
22/02/1999,1.57
23/02/1999,1.55
24/02/1999,1.56
25/02/1999,1.53
26/02/1999,1.52
28/02/1999,1.56
01/03/1999,1.54
02/03/1999,1.56
03/03/1999,1.53
04/03/1999,1.57
05/03/1999,1.54
08/03/1999,1.53
09/03/1999,1.53
10/03/1999,1.52
11/03/1999,1.51
12/03/1999,1.52
15/03/1999,1.5
16/03/1999,1.48
17/03/1999,1.48
18/03/1999,1.47
19/03/1999,1.46
22/03/1999,1.46
23/03/1999,1.48
24/03/1999,1.46
25/03/1999,1.45
26/03/1999,1.46
29/03/1999,1.45
30/03/1999,1.45
31/03/1999,1.5
01/04/1999,1.46
02/04/1999,1.46
05/04/1999,1.47
06/04/1999,1.47
07/04/1999,1.47
08/04/1999,1.48
09/04/1999,1.48
12/04/1999,1.47
13/04/1999,1.47
14/04/1999,1.47
15/04/1999,1.47
16/04/1999,1.46
19/04/1999,1.45
20/04/1999,1.45
21/04/1999,1.45
22/04/1999,1.45
23/04/1999,1.45
26/04/1999,1.46
27/04/1999,1.46
28/04/1999,1.46
29/04/1999,1.47
30/04/1999,1.5
03/05/1999,1.44
04/05/1999,1.44
05/05/1999,1.44
06/05/1999,1.42
07/05/1999,1.42
10/05/1999,1.41
11/05/1999,1.41
12/05/1999,1.41
13/05/1999,1.42
14/05/1999,1.42
17/05/1999,1.41
18/05/1999,1.37
19/05/1999,1.43
20/05/1999,1.45
21/05/1999,1.45
24/05/1999,1.44
25/05/1999,1.46
26/05/1999,1.45
27/05/1999,1.45
28/05/1999,1.47
31/05/1999,1.48
01/06/1999,1.48
02/06/1999,1.47
03/06/1999,1.48
04/06/1999,1.49
07/06/1999,1.49
08/06/1999,1.49
09/06/1999,1.48
10/06/1999,1.48
11/06/1999,1.48
14/06/1999,1.48
15/06/1999,1.49
16/06/1999,1.49
17/06/1999,1.49
18/06/1999,1.49
21/06/1999,1.49
22/06/1999,1.48
23/06/1999,1.49
24/06/1999,1.49
25/06/1999,1.48
28/06/1999,1.48
29/06/1999,1.48
30/06/1999,1.56
01/07/1999,1.54
02/07/1999,1.53
05/07/1999,1.53
06/07/1999,1.53
07/07/1999,1.54
08/07/1999,1.54
09/07/1999,1.53
12/07/1999,1.53
13/07/1999,1.53
14/07/1999,1.53
15/07/1999,1.53
16/07/1999,1.53
19/07/1999,1.53
20/07/1999,1.52
21/07/1999,1.52
22/07/1999,1.52
23/07/1999,1.52
26/07/1999,1.54
27/07/1999,1.56
28/07/1999,1.55
29/07/1999,1.55
30/07/1999,1.61
31/07/1999,1.61
02/08/1999,1.61
03/08/1999,1.61
04/08/1999,1.61
05/08/1999,1.63
06/08/1999,1.61
09/08/1999,1.62
10/08/1999,1.63
11/08/1999,1.62
12/08/1999,1.62
13/08/1999,1.63
16/08/1999,1.63
17/08/1999,1.63
18/08/1999,1.64
19/08/1999,1.64
20/08/1999,1.65
23/08/1999,1.64
24/08/1999,1.64
25/08/1999,1.66
26/08/1999,1.66
27/08/1999,1.65
30/08/1999,1.64
31/08/1999,1.67
01/09/1999,1.67
02/09/1999,1.68
03/09/1999,1.67
06/09/1999,1.67
07/09/1999,1.68
08/09/1999,1.67
09/09/1999,1.67
10/09/1999,1.67
13/09/1999,1.66
14/09/1999,1.66
15/09/1999,1.65
16/09/1999,1.65
17/09/1999,1.65
20/09/1999,1.65
21/09/1999,1.66
22/09/1999,1.66
23/09/1999,1.65
24/09/1999,1.67
27/09/1999,1.68
28/09/1999,1.67
29/09/1999,1.66
30/09/1999,1.63
01/10/1999,1.63
04/10/1999,1.6
05/10/1999,1.71
06/10/1999,1.64
07/10/1999,1.63
08/10/1999,1.63
11/10/1999,1.61
12/10/1999,1.59
13/10/1999,1.64
14/10/1999,1.61
15/10/1999,1.56
18/10/1999,1.62
19/10/1999,1.66
20/10/1999,1.59
21/10/1999,1.65
22/10/1999,1.61
25/10/1999,1.57
26/10/1999,1.62
27/10/1999,1.6
28/10/1999,1.63
29/10/1999,1.62
31/10/1999,1.62
01/11/1999,1.66
02/11/1999,1.66
03/11/1999,1.66
04/11/1999,1.66
05/11/1999,1.66
08/11/1999,1.65
09/11/1999,1.65
10/11/1999,1.64
11/11/1999,1.66
12/11/1999,1.65
15/11/1999,1.64
16/11/1999,1.63
17/11/1999,1.64
18/11/1999,1.65
19/11/1999,1.64
22/11/1999,1.64
23/11/1999,1.64
24/11/1999,1.63
25/11/1999,1.63
26/11/1999,1.62
29/11/1999,1.6
30/11/1999,1.61
01/12/1999,1.61
02/12/1999,1.61
03/12/1999,1.61
06/12/1999,1.6
07/12/1999,1.6
08/12/1999,1.59
09/12/1999,1.61
10/12/1999,1.61
13/12/1999,1.61
14/12/1999,1.61
15/12/1999,1.59
16/12/1999,1.58
17/12/1999,1.59
20/12/1999,1.58
21/12/1999,1.58
22/12/1999,1.57
23/12/1999,1.57
24/12/1999,1.57
27/12/1999,1.58
28/12/1999,1.56
29/12/1999,1.52
30/12/1999,1.52
31/12/1999,1.53
03/01/2000,1.53
04/01/2000,1.53
05/01/2000,1.55
06/01/2000,1.55
07/01/2000,1.58
10/01/2000,1.55
11/01/2000,1.53
12/01/2000,1.52
13/01/2000,1.55
14/01/2000,1.56
17/01/2000,1.57
18/01/2000,1.56
19/01/2000,1.55
20/01/2000,1.55
21/01/2000,1.56
24/01/2000,1.56
25/01/2000,1.55
26/01/2000,1.54
27/01/2000,1.54
28/01/2000,1.53
31/01/2000,1.56
01/02/2000,1.54
02/02/2000,1.53
03/02/2000,1.54
04/02/2000,1.51
07/02/2000,1.51
08/02/2000,1.52
09/02/2000,1.53
10/02/2000,1.54
11/02/2000,1.55
14/02/2000,1.54
15/02/2000,1.54
16/02/2000,1.55
17/02/2000,1.53
18/02/2000,1.54
21/02/2000,1.54
22/02/2000,1.55
23/02/2000,1.54
24/02/2000,1.56
25/02/2000,1.56
28/02/2000,1.61
29/02/2000,1.66
01/03/2000,1.67
02/03/2000,1.67
03/03/2000,1.68
06/03/2000,1.68
07/03/2000,1.7
08/03/2000,1.69
09/03/2000,1.69
10/03/2000,1.68
13/03/2000,1.7
14/03/2000,1.7
15/03/2000,1.71
16/03/2000,1.72
17/03/2000,1.72
20/03/2000,1.72
21/03/2000,1.72
22/03/2000,1.73
23/03/2000,1.72
24/03/2000,1.71
27/03/2000,1.72
28/03/2000,1.74
29/03/2000,1.73
30/03/2000,1.86
31/03/2000,1.92
03/04/2000,1.93
04/04/2000,1.94
05/04/2000,1.94
06/04/2000,1.94
07/04/2000,1.97
10/04/2000,1.99
11/04/2000,2.04
12/04/2000,2.04
13/04/2000,2.05
14/04/2000,2.07
17/04/2000,2.05
18/04/2000,2.05
19/04/2000,2.06
20/04/2000,2.06
24/04/2000,2.05
25/04/2000,2.07
26/04/2000,2.12
27/04/2000,2.13
28/04/2000,2.2
30/04/2000,2.12
01/05/2000,2.13
02/05/2000,2.13
03/05/2000,2.12
04/05/2000,2.12
05/05/2000,2.11
08/05/2000,2.12
09/05/2000,2.13
10/05/2000,2.17
11/05/2000,2.18
12/05/2000,2.18
15/05/2000,2.17
16/05/2000,2.19
17/05/2000,2.19
18/05/2000,2.18
19/05/2000,2.18
22/05/2000,2.18
23/05/2000,2.19
24/05/2000,2.19
25/05/2000,2.25
26/05/2000,2.24
29/05/2000,2.25
30/05/2000,2.25
31/05/2000,2.28
01/06/2000,2.28
02/06/2000,2.28
05/06/2000,2.25
06/06/2000,2.25
07/06/2000,2.22
08/06/2000,2.22
09/06/2000,2.21
12/06/2000,2.21
13/06/2000,2.19
14/06/2000,2.18
15/06/2000,2.17
16/06/2000,2.16
19/06/2000,2.16
20/06/2000,2.15
21/06/2000,2.14
22/06/2000,2.14
23/06/2000,2.13
26/06/2000,2.14
27/06/2000,2.15
28/06/2000,2.15
29/06/2000,2.14
30/06/2000,2.18
03/07/2000,2.18
04/07/2000,2.18
05/07/2000,2.17
06/07/2000,2.17
07/07/2000,2.18
10/07/2000,2.17
11/07/2000,2.16
12/07/2000,2.15
13/07/2000,2.15
14/07/2000,2.15
17/07/2000,2.13
18/07/2000,2.12
19/07/2000,2.11
20/07/2000,2.12
21/07/2000,2.12
24/07/2000,2.12
25/07/2000,2.12
26/07/2000,2.08
27/07/2000,2.11
28/07/2000,2.11
31/07/2000,2.14
01/08/2000,2.13
02/08/2000,2.14
03/08/2000,2.14
04/08/2000,2.14
07/08/2000,2.13
08/08/2000,2.13
09/08/2000,2.13
10/08/2000,2.14
11/08/2000,2.13
14/08/2000,2.13
15/08/2000,2.13
16/08/2000,2.12
17/08/2000,2.13
18/08/2000,2.14
21/08/2000,2.17
22/08/2000,2.19
23/08/2000,2.19
24/08/2000,2.2
25/08/2000,2.19
28/08/2000,2.2
29/08/2000,2.19
30/08/2000,2.2
31/08/2000,2.16
01/09/2000,2.17
04/09/2000,2.17
05/09/2000,2.17
06/09/2000,2.17
07/09/2000,2.16
08/09/2000,2.17
11/09/2000,2.17
12/09/2000,2.17
13/09/2000,2.17
14/09/2000,2.17
15/09/2000,2.17
18/09/2000,2.17
19/09/2000,2.16
20/09/2000,2.16
21/09/2000,2.15
22/09/2000,2.16
25/09/2000,2.15
26/09/2000,2.16
27/09/2000,2.14
28/09/2000,2.13
29/09/2000,2.13
30/09/2000,2.14
02/10/2000,2.13
03/10/2000,2.14
04/10/2000,2.16
05/10/2000,2.19
06/10/2000,2.19
09/10/2000,2.2
10/10/2000,2.21
11/10/2000,2.22
12/10/2000,2.27
13/10/2000,2.29
16/10/2000,2.3
17/10/2000,2.32
18/10/2000,2.35
19/10/2000,2.35
20/10/2000,2.37
23/10/2000,2.39
24/10/2000,2.38
25/10/2000,2.37
26/10/2000,2.41
27/10/2000,2.45
30/10/2000,2.48
31/10/2000,2.52
01/11/2000,2.51
02/11/2000,2.5
03/11/2000,2.48
06/11/2000,2.48
07/11/2000,2.47
08/11/2000,2.47
09/11/2000,2.47
10/11/2000,2.47
13/11/2000,2.48
14/11/2000,2.47
15/11/2000,2.48
16/11/2000,2.49
17/11/2000,2.49
20/11/2000,2.51
21/11/2000,2.51
22/11/2000,2.54
23/11/2000,2.54
24/11/2000,2.54
27/11/2000,2.57
28/11/2000,2.58
29/11/2000,2.61
30/11/2000,2.62
01/12/2000,2.62
04/12/2000,2.66
05/12/2000,2.68
06/12/2000,2.68
07/12/2000,2.69
08/12/2000,2.71
11/12/2000,2.7
12/12/2000,2.7
13/12/2000,2.71
14/12/2000,2.68
15/12/2000,2.67
18/12/2000,2.67
19/12/2000,2.67
20/12/2000,2.66
21/12/2000,2.68
22/12/2000,2.68
26/12/2000,2.69
27/12/2000,2.7
28/12/2000,2.71
29/12/2000,2.71
31/12/2000,2.66
02/01/2001,2.7
03/01/2001,2.67
04/01/2001,2.67
05/01/2001,2.67
08/01/2001,2.64
09/01/2001,2.59
10/01/2001,2.57
11/01/2001,2.56
12/01/2001,2.54
15/01/2001,2.53
16/01/2001,2.52
17/01/2001,2.48
18/01/2001,2.48
19/01/2001,2.45
22/01/2001,2.44
23/01/2001,2.37
24/01/2001,2.41
25/01/2001,2.4
26/01/2001,2.39
29/01/2001,2.38
30/01/2001,2.36
31/01/2001,2.36
01/02/2001,2.34
02/02/2001,2.34
05/02/2001,2.34
06/02/2001,2.33
07/02/2001,2.33
08/02/2001,2.33
09/02/2001,2.35
12/02/2001,2.36
13/02/2001,2.35
14/02/2001,2.36
15/02/2001,2.36
16/02/2001,2.37
19/02/2001,2.37
20/02/2001,2.37
21/02/2001,2.37
22/02/2001,2.39
23/02/2001,2.4
26/02/2001,2.4
27/02/2001,2.4
28/02/2001,2.42
01/03/2001,2.39
02/03/2001,2.39
05/03/2001,2.38
06/03/2001,2.39
07/03/2001,2.38
08/03/2001,2.37
09/03/2001,2.37
12/03/2001,2.37
13/03/2001,2.37
14/03/2001,2.38
15/03/2001,2.38
16/03/2001,2.38
19/03/2001,2.37
20/03/2001,2.38
21/03/2001,2.39
22/03/2001,2.4
23/03/2001,2.41
26/03/2001,2.41
27/03/2001,2.4
28/03/2001,2.44
29/03/2001,2.43
30/03/2001,2.42
31/03/2001,2.38
02/04/2001,2.39
03/04/2001,2.47
04/04/2001,2.53
05/04/2001,2.71
06/04/2001,2.46
09/04/2001,2.47
10/04/2001,2.47
11/04/2001,2.47
12/04/2001,2.47
16/04/2001,2.47
17/04/2001,2.48
18/04/2001,2.5
19/04/2001,2.44
20/04/2001,2.44
23/04/2001,2.46
24/04/2001,2.46
25/04/2001,2.55
26/04/2001,2.59
27/04/2001,2.63
30/04/2001,2.19
01/05/2001,2.18
02/05/2001,2.17
03/05/2001,2.17
04/05/2001,2.17
07/05/2001,2.16
08/05/2001,2.16
09/05/2001,2.16
10/05/2001,2.16
11/05/2001,2.15
14/05/2001,2.15
15/05/2001,2.14
16/05/2001,2.13
17/05/2001,2.12
18/05/2001,2.12
21/05/2001,2.1
22/05/2001,2.09
23/05/2001,2.1
24/05/2001,2.09
25/05/2001,2.08
28/05/2001,2.08
29/05/2001,2.07
30/05/2001,2.06
31/05/2001,2.06
01/06/2001,2.05
04/06/2001,2.05
05/06/2001,2.04
06/06/2001,2.03
07/06/2001,2.02
08/06/2001,2.02
11/06/2001,2.02
12/06/2001,2.02
13/06/2001,2.03
14/06/2001,2.02
15/06/2001,2.03
18/06/2001,2.03
19/06/2001,2.05
20/06/2001,2.07
21/06/2001,2.07
22/06/2001,2.08
25/06/2001,2.08
26/06/2001,2.08
27/06/2001,2.06
28/06/2001,2.06
29/06/2001,2.07
30/06/2001,2.08
02/07/2001,2.08
03/07/2001,2.05
04/07/2001,2.05
05/07/2001,2.09
06/07/2001,2.1
09/07/2001,2.06
10/07/2001,2.07
11/07/2001,2.07
12/07/2001,2.08
13/07/2001,2.07
16/07/2001,2.07
17/07/2001,2.07
18/07/2001,2.08
19/07/2001,2.08
20/07/2001,2.07
23/07/2001,2.06
24/07/2001,2.05
25/07/2001,2.05
26/07/2001,2.05
27/07/2001,2.05
30/07/2001,2.03
31/07/2001,2.05
01/08/2001,2.03
02/08/2001,2.03
03/08/2001,2.03
06/08/2001,2.03
07/08/2001,2.03
08/08/2001,2.03
09/08/2001,2.04
10/08/2001,2.04
13/08/2001,2.06
14/08/2001,2.06
15/08/2001,2.06
16/08/2001,2.07
17/08/2001,2.08
20/08/2001,2.08
21/08/2001,2.1
22/08/2001,2.09
23/08/2001,2.09
24/08/2001,2.09
27/08/2001,2.09
28/08/2001,2.08
29/08/2001,2.08
30/08/2001,2.07
31/08/2001,2.09
03/09/2001,2.09
04/09/2001,2.09
05/09/2001,2.1
06/09/2001,2.11
07/09/2001,2.14
10/09/2001,2.17
14/09/2001,2.39
17/09/2001,2.41
18/09/2001,2.46
19/09/2001,2.41
20/09/2001,2.43
21/09/2001,2.46
24/09/2001,2.63
25/09/2001,2.48
26/09/2001,2.47
27/09/2001,2.52
28/09/2001,2.49
30/09/2001,2.46
01/10/2001,2.47
02/10/2001,2.47
03/10/2001,2.46
04/10/2001,2.46
05/10/2001,2.46
08/10/2001,2.46
09/10/2001,2.47
10/10/2001,2.47
11/10/2001,2.46
12/10/2001,2.45
15/10/2001,2.44
16/10/2001,2.44
17/10/2001,2.42
18/10/2001,2.42
19/10/2001,2.42
22/10/2001,2.44
23/10/2001,2.44
24/10/2001,2.45
25/10/2001,2.46
26/10/2001,2.48
29/10/2001,2.48
30/10/2001,2.52
31/10/2001,2.57
01/11/2001,2.57
02/11/2001,2.58
05/11/2001,2.59
06/11/2001,2.58
07/11/2001,2.61
08/11/2001,2.59
09/11/2001,2.57
12/11/2001,2.57
13/11/2001,2.55
14/11/2001,2.52
15/11/2001,2.48
16/11/2001,2.45
19/11/2001,2.45
20/11/2001,2.45
21/11/2001,2.41
22/11/2001,2.41
23/11/2001,2.37
26/11/2001,2.37
27/11/2001,2.33
28/11/2001,2.34
29/11/2001,2.34
30/11/2001,2.34
03/12/2001,2.35
04/12/2001,2.36
05/12/2001,2.34
06/12/2001,2.29
07/12/2001,2.28
10/12/2001,2.31
11/12/2001,2.36
12/12/2001,2.36
13/12/2001,2.35
14/12/2001,2.34
17/12/2001,2.24
18/12/2001,2.34
19/12/2001,2.34
20/12/2001,2.33
21/12/2001,2.31
24/12/2001,2.32
26/12/2001,2.31
27/12/2001,2.29
28/12/2001,2.3
31/12/2001,2.22
02/01/2002,2.2
03/01/2002,2.18
04/01/2002,2.16
07/01/2002,2.18
08/01/2002,2.18
09/01/2002,2.18
10/01/2002,2.2
11/01/2002,2.22
14/01/2002,2.21
15/01/2002,2.21
16/01/2002,2.22
17/01/2002,2.22
18/01/2002,2.23
21/01/2002,2.23
22/01/2002,2.23
23/01/2002,2.24
24/01/2002,2.21
25/01/2002,2.2
28/01/2002,2.19
29/01/2002,2.21
30/01/2002,2.28
31/01/2002,2.3
01/02/2002,2.3
04/02/2002,2.36
05/02/2002,2.48
06/02/2002,2.51
07/02/2002,2.51
08/02/2002,2.48
11/02/2002,2.51
12/02/2002,2.5
13/02/2002,2.49
14/02/2002,2.46
15/02/2002,2.51
18/02/2002,2.51
19/02/2002,2.53
20/02/2002,2.56
21/02/2002,2.56
22/02/2002,2.56
25/02/2002,2.52
26/02/2002,2.5
27/02/2002,2.49
28/02/2002,2.49
01/03/2002,2.45
04/03/2002,2.45
05/03/2002,2.44
06/03/2002,2.42
07/03/2002,2.38
08/03/2002,2.35
11/03/2002,2.35
12/03/2002,2.36
13/03/2002,2.38
14/03/2002,2.36
15/03/2002,2.35
18/03/2002,2.36
19/03/2002,2.37
20/03/2002,2.35
21/03/2002,2.35
22/03/2002,2.33
25/03/2002,2.34
26/03/2002,2.35
27/03/2002,2.38
28/03/2002,2.39
31/03/2002,2.39
01/04/2002,2.38
02/04/2002,2.39
03/04/2002,2.38
04/04/2002,2.4
05/04/2002,2.41
08/04/2002,2.41
09/04/2002,2.42
10/04/2002,2.42
11/04/2002,2.47
12/04/2002,2.47
15/04/2002,2.46
16/04/2002,2.47
17/04/2002,2.42
18/04/2002,2.39
19/04/2002,2.4
22/04/2002,2.51
23/04/2002,2.57
24/04/2002,2.59
25/04/2002,2.63
26/04/2002,2.62
29/04/2002,2.73
30/04/2002,2.71
01/05/2002,2.8
02/05/2002,2.8
03/05/2002,2.77
06/05/2002,2.8
07/05/2002,2.82
08/05/2002,2.76
09/05/2002,2.76
10/05/2002,2.77
13/05/2002,2.77
14/05/2002,2.78
15/05/2002,2.75
16/05/2002,2.77
17/05/2002,2.77
20/05/2002,2.77
21/05/2002,2.76
22/05/2002,2.76
23/05/2002,2.73
24/05/2002,2.71
27/05/2002,2.71
28/05/2002,2.67
29/05/2002,2.67
30/05/2002,2.68
31/05/2002,2.26
03/06/2002,2.27
04/06/2002,2.26
05/06/2002,2.25
06/06/2002,2.26
07/06/2002,2.3
10/06/2002,2.29
11/06/2002,2.32
12/06/2002,2.35
13/06/2002,2.35
14/06/2002,2.38
17/06/2002,2.37
18/06/2002,2.38
19/06/2002,2.41
20/06/2002,2.44
21/06/2002,2.46
24/06/2002,2.51
25/06/2002,2.49
26/06/2002,2.68
27/06/2002,2.67
28/06/2002,2.71
30/06/2002,2.65
01/07/2002,2.65
02/07/2002,2.76
03/07/2002,2.78
04/07/2002,2.78
05/07/2002,2.75
08/07/2002,2.74
09/07/2002,2.71
10/07/2002,2.71
11/07/2002,2.78
12/07/2002,2.78
15/07/2002,2.84
16/07/2002,2.87
17/07/2002,2.87
18/07/2002,2.88
19/07/2002,2.97
22/07/2002,3.05
23/07/2002,3.15
24/07/2002,3.35
25/07/2002,3.38
26/07/2002,3.48
29/07/2002,3.5
30/07/2002,3.47
31/07/2002,3.29
01/08/2002,3.25
02/08/2002,3.34
05/08/2002,3.49
06/08/2002,3.5
07/08/2002,3.48
08/08/2002,3.48
09/08/2002,3.55
12/08/2002,3.55
13/08/2002,3.56
14/08/2002,3.52
15/08/2002,3.46
16/08/2002,3.45
19/08/2002,3.41
20/08/2002,3.32
21/08/2002,3.28
22/08/2002,3.23
23/08/2002,3.23
26/08/2002,3.21
27/08/2002,3.18
28/08/2002,3.19
29/08/2002,3.2
30/08/2002,3.2
31/08/2002,3.18
02/09/2002,3.17
03/09/2002,3.26
04/09/2002,3.29
05/09/2002,3.29
06/09/2002,3.28
09/09/2002,3.28
10/09/2002,3.26
11/09/2002,3.25
12/09/2002,3.21
13/09/2002,3.21
16/09/2002,3.18
17/09/2002,3.16
18/09/2002,3.16
19/09/2002,3.21
20/09/2002,3.25
23/09/2002,3.31
24/09/2002,3.4
25/09/2002,3.37
26/09/2002,3.34
27/09/2002,3.35
30/09/2002,3.47
01/10/2002,3.44
02/10/2002,3.42
03/10/2002,3.45
04/10/2002,3.55
07/10/2002,3.65
08/10/2002,3.81
09/10/2002,3.99
10/10/2002,4.03
11/10/2002,3.91
14/10/2002,3.91
15/10/2002,3.8
16/10/2002,3.84
17/10/2002,3.83
18/10/2002,3.83
21/10/2002,3.81
22/10/2002,3.79
23/10/2002,3.79
24/10/2002,3.73
25/10/2002,3.71
28/10/2002,3.67
29/10/2002,3.66
30/10/2002,3.66
31/10/2002,3.53
01/11/2002,3.51
04/11/2002,3.43
05/11/2002,3.38
06/11/2002,3.31
07/11/2002,3.28
08/11/2002,3.3
11/11/2002,3.3
12/11/2002,3.33
13/11/2002,3.32
14/11/2002,3.22
15/11/2002,3.13
18/11/2002,3.05
19/11/2002,3.02
20/11/2002,2.97
21/11/2002,2.89
22/11/2002,2.87
25/11/2002,2.87
26/11/2002,2.91
27/11/2002,2.86
28/11/2002,2.86
29/11/2002,2.88
30/11/2002,2.83
02/12/2002,2.74
03/12/2002,2.79
04/12/2002,2.82
05/12/2002,2.82
06/12/2002,2.83
09/12/2002,2.86
10/12/2002,2.87
11/12/2002,2.84
12/12/2002,2.82
13/12/2002,2.81
16/12/2002,2.77
17/12/2002,2.71
18/12/2002,2.71
19/12/2002,2.72
20/12/2002,2.72
23/12/2002,2.72
24/12/2002,2.72
26/12/2002,2.72
27/12/2002,2.73
30/12/2002,2.73
31/12/2002,2.7
02/01/2003,2.67
03/01/2003,2.64
06/01/2003,2.61
07/01/2003,2.58
08/01/2003,2.57
09/01/2003,2.53
10/01/2003,2.48
13/01/2003,2.46
14/01/2003,2.47
15/01/2003,2.48
16/01/2003,2.51
17/01/2003,2.53
20/01/2003,2.53
21/01/2003,2.53
22/01/2003,2.56
23/01/2003,2.53
24/01/2003,2.54
27/01/2003,2.56
28/01/2003,2.53
29/01/2003,2.54
30/01/2003,2.52
31/01/2003,2.51
03/02/2003,2.48
04/02/2003,2.49
05/02/2003,2.46
06/02/2003,2.48
07/02/2003,2.47
10/02/2003,2.46
11/02/2003,2.45
12/02/2003,2.46
13/02/2003,2.5
14/02/2003,2.5
17/02/2003,2.49
18/02/2003,2.48
19/02/2003,2.47
20/02/2003,2.46
21/02/2003,2.45
24/02/2003,2.44
25/02/2003,2.47
26/02/2003,2.45
27/02/2003,2.45
28/02/2003,2.44
03/03/2003,2.4
04/03/2003,2.44
05/03/2003,2.48
06/03/2003,2.49
07/03/2003,2.53
10/03/2003,2.55
11/03/2003,2.57
12/03/2003,2.59
13/03/2003,2.53
14/03/2003,2.52
17/03/2003,2.51
18/03/2003,2.48
19/03/2003,2.47
20/03/2003,2.47
21/03/2003,2.41
24/03/2003,2.42
25/03/2003,2.42
26/03/2003,2.38
27/03/2003,2.36
28/03/2003,2.35
31/03/2003,2.35
01/04/2003,2.33
02/04/2003,2.29
03/04/2003,2.26
04/04/2003,2.28
07/04/2003,2.23
08/04/2003,2.26
09/04/2003,2.26
10/04/2003,2.27
11/04/2003,2.26
14/04/2003,2.27
15/04/2003,2.2
16/04/2003,2.16
17/04/2003,2.13
21/04/2003,2.1
22/04/2003,2.06
23/04/2003,2.02
24/04/2003,2
25/04/2003,2
28/04/2003,1.99
29/04/2003,1.97
30/04/2003,1.97
01/05/2003,1.95
02/05/2003,1.91
05/05/2003,1.89
06/05/2003,1.87
07/05/2003,1.87
08/05/2003,1.88
09/05/2003,1.88
12/05/2003,1.89
13/05/2003,1.92
14/05/2003,1.94
15/05/2003,1.95
16/05/2003,1.95
19/05/2003,1.96
20/05/2003,1.98
21/05/2003,1.99
22/05/2003,1.98
23/05/2003,1.96
26/05/2003,1.96
27/05/2003,1.94
28/05/2003,1.93
29/05/2003,1.92
30/05/2003,1.92
31/05/2003,1.92
02/06/2003,1.9
03/06/2003,1.91
04/06/2003,1.92
05/06/2003,1.9
06/06/2003,1.88
09/06/2003,1.87
10/06/2003,1.87
11/06/2003,1.86
12/06/2003,1.86
13/06/2003,1.86
16/06/2003,1.83
17/06/2003,1.79
18/06/2003,1.78
19/06/2003,1.79
20/06/2003,1.8
23/06/2003,1.81
24/06/2003,1.82
25/06/2003,1.8
26/06/2003,1.8
27/06/2003,1.79
30/06/2003,1.79
01/07/2003,1.81
02/07/2003,1.81
03/07/2003,1.79
04/07/2003,1.78
07/07/2003,1.77
08/07/2003,1.76
09/07/2003,1.75
10/07/2003,1.75
11/07/2003,1.77
14/07/2003,1.74
15/07/2003,1.72
16/07/2003,1.71
17/07/2003,1.71
18/07/2003,1.69
21/07/2003,1.68
22/07/2003,1.66
23/07/2003,1.67
24/07/2003,1.65
25/07/2003,1.65
28/07/2003,1.65
29/07/2003,1.65
30/07/2003,1.68
31/07/2003,1.72
01/08/2003,1.72
04/08/2003,1.72
05/08/2003,1.72
06/08/2003,1.75
07/08/2003,1.76
08/08/2003,1.74
11/08/2003,1.74
12/08/2003,1.76
13/08/2003,1.76
14/08/2003,1.76
15/08/2003,1.75
18/08/2003,1.75
19/08/2003,1.73
20/08/2003,1.72
21/08/2003,1.69
22/08/2003,1.69
25/08/2003,1.69
26/08/2003,1.68
27/08/2003,1.68
28/08/2003,1.68
29/08/2003,1.66
31/08/2003,1.67
01/09/2003,1.67
02/09/2003,1.63
03/09/2003,1.63
04/09/2003,1.65
05/09/2003,1.65
08/09/2003,1.66
09/09/2003,1.65
10/09/2003,1.65
11/09/2003,1.64
12/09/2003,1.63
15/09/2003,1.63
16/09/2003,1.62
17/09/2003,1.6
18/09/2003,1.58
19/09/2003,1.57
22/09/2003,1.58
23/09/2003,1.59
24/09/2003,1.59
25/09/2003,1.58
26/09/2003,1.59
29/09/2003,1.59
30/09/2003,1.59
01/10/2003,1.59
02/10/2003,1.58
03/10/2003,1.58
06/10/2003,1.58
07/10/2003,1.57
08/10/2003,1.57
09/10/2003,1.54
10/10/2003,1.54
13/10/2003,1.53
14/10/2003,1.53
15/10/2003,1.5
16/10/2003,1.48
17/10/2003,1.46
20/10/2003,1.45
21/10/2003,1.48
22/10/2003,1.51
23/10/2003,1.51
24/10/2003,1.51
27/10/2003,1.51
28/10/2003,1.5
29/10/2003,1.5
30/10/2003,1.48
31/10/2003,1.49
03/11/2003,1.49
04/11/2003,1.5
05/11/2003,1.52
06/11/2003,1.52
07/11/2003,1.5
10/11/2003,1.5
11/11/2003,1.5
12/11/2003,1.45
13/11/2003,1.44
14/11/2003,1.44
17/11/2003,1.43
18/11/2003,1.43
19/11/2003,1.43
20/11/2003,1.44
21/11/2003,1.44
24/11/2003,1.43
25/11/2003,1.42
26/11/2003,1.41
27/11/2003,1.41
28/11/2003,1.41
30/11/2003,1.42
01/12/2003,1.4
02/12/2003,1.39
03/12/2003,1.37
04/12/2003,1.36
05/12/2003,1.37
08/12/2003,1.36
09/12/2003,1.35
10/12/2003,1.35
11/12/2003,1.38
12/12/2003,1.37
15/12/2003,1.35
16/12/2003,1.37
17/12/2003,1.36
18/12/2003,1.35
19/12/2003,1.33
22/12/2003,1.33
23/12/2003,1.32
24/12/2003,1.33
26/12/2003,1.32
29/12/2003,1.31
30/12/2003,1.32
31/12/2003,1.3
02/01/2004,1.29
05/01/2004,1.27
06/01/2004,1.27
07/01/2004,1.27
08/01/2004,1.26
09/01/2004,1.27
12/01/2004,1.28
13/01/2004,1.27
14/01/2004,1.28
15/01/2004,1.27
16/01/2004,1.26
19/01/2004,1.26
20/01/2004,1.26
21/01/2004,1.26
22/01/2004,1.25
23/01/2004,1.24
26/01/2004,1.24
27/01/2004,1.25
28/01/2004,1.24
29/01/2004,1.26
30/01/2004,1.27
31/01/2004,1.28
02/02/2004,1.28
03/02/2004,1.29
04/02/2004,1.29
05/02/2004,1.29
06/02/2004,1.29
09/02/2004,1.28
10/02/2004,1.28
11/02/2004,1.29
12/02/2004,1.28
13/02/2004,1.29
16/02/2004,1.28
17/02/2004,1.28
18/02/2004,1.28
19/02/2004,1.28
20/02/2004,1.29
23/02/2004,1.28
24/02/2004,1.3
25/02/2004,1.31
26/02/2004,1.3
27/02/2004,1.3
29/02/2004,1.31
01/03/2004,1.3
02/03/2004,1.3
03/03/2004,1.31
04/03/2004,1.3
05/03/2004,1.31
08/03/2004,1.31
09/03/2004,1.32
10/03/2004,1.33
11/03/2004,1.34
12/03/2004,1.34
15/03/2004,1.34
16/03/2004,1.35
17/03/2004,1.34
18/03/2004,1.34
19/03/2004,1.33
22/03/2004,1.34
23/03/2004,1.34
24/03/2004,1.35
25/03/2004,1.35
26/03/2004,1.34
29/03/2004,1.32
30/03/2004,1.32
31/03/2004,1.33
01/04/2004,1.33
02/04/2004,1.31
05/04/2004,1.3
06/04/2004,1.29
07/04/2004,1.28
08/04/2004,1.27
12/04/2004,1.27
13/04/2004,1.26
14/04/2004,1.26
15/04/2004,1.23
16/04/2004,1.23
19/04/2004,1.28
20/04/2004,1.28
21/04/2004,1.26
22/04/2004,1.25
23/04/2004,1.19
26/04/2004,1.22
27/04/2004,1.22
28/04/2004,1.23
29/04/2004,1.24
30/04/2004,1.25
03/05/2004,1.25
04/05/2004,1.26
05/05/2004,1.28
06/05/2004,1.3
07/05/2004,1.29
10/05/2004,1.32
11/05/2004,1.32
12/05/2004,1.34
13/05/2004,1.34
14/05/2004,1.34
17/05/2004,1.35
18/05/2004,1.34
19/05/2004,1.33
20/05/2004,1.34
21/05/2004,1.34
24/05/2004,1.33
25/05/2004,1.34
26/05/2004,1.34
27/05/2004,1.34
28/05/2004,1.32
31/05/2004,1.33
01/06/2004,1.34
02/06/2004,1.34
03/06/2004,1.34
04/06/2004,1.34
07/06/2004,1.33
08/06/2004,1.32
09/06/2004,1.32
10/06/2004,1.32
11/06/2004,1.32
14/06/2004,1.32
15/06/2004,1.31
16/06/2004,1.31
17/06/2004,1.31
18/06/2004,1.31
21/06/2004,1.31
22/06/2004,1.3
23/06/2004,1.3
24/06/2004,1.31
25/06/2004,1.31
28/06/2004,1.31
29/06/2004,1.31
30/06/2004,1.33
01/07/2004,1.33
02/07/2004,1.34
05/07/2004,1.33
06/07/2004,1.33
07/07/2004,1.33
08/07/2004,1.34
09/07/2004,1.34
12/07/2004,1.33
13/07/2004,1.32
14/07/2004,1.32
15/07/2004,1.31
16/07/2004,1.3
19/07/2004,1.29
20/07/2004,1.29
21/07/2004,1.29
22/07/2004,1.29
23/07/2004,1.29
26/07/2004,1.29
27/07/2004,1.28
28/07/2004,1.29
29/07/2004,1.28
30/07/2004,1.28
31/07/2004,1.29
02/08/2004,1.32
03/08/2004,1.31
04/08/2004,1.32
05/08/2004,1.32
06/08/2004,1.33
09/08/2004,1.33
10/08/2004,1.33
11/08/2004,1.33
12/08/2004,1.33
13/08/2004,1.33
16/08/2004,1.33
17/08/2004,1.32
18/08/2004,1.32
19/08/2004,1.31
20/08/2004,1.31
23/08/2004,1.31
24/08/2004,1.3
25/08/2004,1.3
26/08/2004,1.29
27/08/2004,1.28
30/08/2004,1.28
31/08/2004,1.27
01/09/2004,1.28
02/09/2004,1.27
03/09/2004,1.26
06/09/2004,1.26
07/09/2004,1.25
08/09/2004,1.25
09/09/2004,1.26
10/09/2004,1.25
13/09/2004,1.24
14/09/2004,1.23
15/09/2004,1.23
16/09/2004,1.24
17/09/2004,1.23
20/09/2004,1.23
21/09/2004,1.22
22/09/2004,1.23
23/09/2004,1.23
24/09/2004,1.23
27/09/2004,1.23
28/09/2004,1.23
29/09/2004,1.23
30/09/2004,1.23
01/10/2004,1.22
04/10/2004,1.21
05/10/2004,1.21
06/10/2004,1.21
07/10/2004,1.21
08/10/2004,1.21
11/10/2004,1.21
12/10/2004,1.21
13/10/2004,1.21
14/10/2004,1.21
15/10/2004,1.21
18/10/2004,1.21
19/10/2004,1.22
20/10/2004,1.25
21/10/2004,1.24
22/10/2004,1.24
25/10/2004,1.25
26/10/2004,1.24
27/10/2004,1.22
28/10/2004,1.22
29/10/2004,1.21
31/10/2004,1.22
01/11/2004,1.22
02/11/2004,1.22
03/11/2004,1.21
04/11/2004,1.2
05/11/2004,1.18
08/11/2004,1.18
09/11/2004,1.18
10/11/2004,1.17
11/11/2004,1.17
12/11/2004,1.16
15/11/2004,1.16
16/11/2004,1.16
17/11/2004,1.16
18/11/2004,1.16
19/11/2004,1.15
22/11/2004,1.15
23/11/2004,1.15
24/11/2004,1.14
25/11/2004,1.12
26/11/2004,1.14
29/11/2004,1.13
30/11/2004,1.15
01/12/2004,1.15
02/12/2004,1.14
03/12/2004,1.14
06/12/2004,1.13
07/12/2004,1.13
08/12/2004,1.13
09/12/2004,1.14
10/12/2004,1.14
13/12/2004,1.14
14/12/2004,1.14
15/12/2004,1.13
16/12/2004,1.13
17/12/2004,1.13
20/12/2004,1.11
21/12/2004,1.11
22/12/2004,1.12
23/12/2004,1.11
27/12/2004,1.11
28/12/2004,1.11
29/12/2004,1.1
30/12/2004,1.1
31/12/2004,1.13
03/01/2005,1.13
04/01/2005,1.13
05/01/2005,1.14
06/01/2005,1.15
07/01/2005,1.15
10/01/2005,1.15
11/01/2005,1.15
12/01/2005,1.16
13/01/2005,1.16
14/01/2005,1.17
17/01/2005,1.16
18/01/2005,1.17
19/01/2005,1.18
20/01/2005,1.22
21/01/2005,1.22
24/01/2005,1.19
25/01/2005,1.18
26/01/2005,1.17
27/01/2005,1.16
28/01/2005,1.17
31/01/2005,1.17
01/02/2005,1.17
02/02/2005,1.16
03/02/2005,1.16
04/02/2005,1.15
07/02/2005,1.14
08/02/2005,1.14
09/02/2005,1.16
10/02/2005,1.16
11/02/2005,1.15
14/02/2005,1.15
15/02/2005,1.15
16/02/2005,1.14
17/02/2005,1.14
18/02/2005,1.13
21/02/2005,1.13
22/02/2005,1.12
23/02/2005,1.12
24/02/2005,1.11
25/02/2005,1.11
28/02/2005,1.12
01/03/2005,1.1
02/03/2005,1.1
03/03/2005,1.1
04/03/2005,1.1
07/03/2005,1.1
08/03/2005,1.1
09/03/2005,1.1
10/03/2005,1.1
11/03/2005,1.1
14/03/2005,1.11
15/03/2005,1.12
16/03/2005,1.18
17/03/2005,1.21
18/03/2005,1.21
21/03/2005,1.26
22/03/2005,1.27
23/03/2005,1.28
24/03/2005,1.27
28/03/2005,1.27
29/03/2005,1.29
30/03/2005,1.31
31/03/2005,1.33
01/04/2005,1.35
04/04/2005,1.38
05/04/2005,1.38
06/04/2005,1.37
07/04/2005,1.36
08/04/2005,1.37
11/04/2005,1.44
12/04/2005,1.44
13/04/2005,1.46
14/04/2005,1.5
15/04/2005,1.55
18/04/2005,1.59
19/04/2005,1.58
20/04/2005,1.54
21/04/2005,1.5
22/04/2005,1.47
25/04/2005,1.49
26/04/2005,1.5
27/04/2005,1.5
28/04/2005,1.52
29/04/2005,1.53
30/04/2005,1.54
02/05/2005,1.54
03/05/2005,1.55
04/05/2005,1.53
05/05/2005,1.58
06/05/2005,1.63
09/05/2005,1.61
10/05/2005,1.61
11/05/2005,1.63
12/05/2005,1.65
13/05/2005,1.68
16/05/2005,1.69
17/05/2005,1.71
18/05/2005,1.71
19/05/2005,1.69
20/05/2005,1.67
23/05/2005,1.65
24/05/2005,1.67
25/05/2005,1.64
26/05/2005,1.6
27/05/2005,1.55
30/05/2005,1.55
31/05/2005,1.36
01/06/2005,1.36
02/06/2005,1.32
03/06/2005,1.31
06/06/2005,1.31
07/06/2005,1.31
08/06/2005,1.32
09/06/2005,1.33
10/06/2005,1.33
13/06/2005,1.32
14/06/2005,1.31
15/06/2005,1.3
16/06/2005,1.31
17/06/2005,1.31
20/06/2005,1.31
21/06/2005,1.31
22/06/2005,1.34
23/06/2005,1.34
24/06/2005,1.35
27/06/2005,1.35
28/06/2005,1.33
29/06/2005,1.33
30/06/2005,1.34
01/07/2005,1.32
04/07/2005,1.32
05/07/2005,1.31
06/07/2005,1.33
07/07/2005,1.33
08/07/2005,1.32
11/07/2005,1.3
12/07/2005,1.29
13/07/2005,1.29
14/07/2005,1.27
15/07/2005,1.27
18/07/2005,1.26
19/07/2005,1.26
20/07/2005,1.26
21/07/2005,1.25
22/07/2005,1.24
25/07/2005,1.24
26/07/2005,1.23
27/07/2005,1.22
28/07/2005,1.21
29/07/2005,1.2
31/07/2005,1.22
01/08/2005,1.21
02/08/2005,1.21
03/08/2005,1.22
04/08/2005,1.22
05/08/2005,1.22
08/08/2005,1.23
09/08/2005,1.23
10/08/2005,1.23
11/08/2005,1.23
12/08/2005,1.24
15/08/2005,1.23
16/08/2005,1.23
17/08/2005,1.23
18/08/2005,1.23
19/08/2005,1.22
22/08/2005,1.22
23/08/2005,1.22
24/08/2005,1.22
25/08/2005,1.22
26/08/2005,1.22
29/08/2005,1.21
30/08/2005,1.23
31/08/2005,1.21
01/09/2005,1.22
02/09/2005,1.23
05/09/2005,1.23
06/09/2005,1.23
07/09/2005,1.23
08/09/2005,1.23
09/09/2005,1.23
12/09/2005,1.22
13/09/2005,1.22
14/09/2005,1.22
15/09/2005,1.22
16/09/2005,1.23
19/09/2005,1.23
20/09/2005,1.23
21/09/2005,1.24
22/09/2005,1.25
23/09/2005,1.25
26/09/2005,1.24
27/09/2005,1.24
28/09/2005,1.24
29/09/2005,1.24
30/09/2005,1.24
03/10/2005,1.23
04/10/2005,1.23
05/10/2005,1.23
06/10/2005,1.24
07/10/2005,1.25
10/10/2005,1.25
11/10/2005,1.25
12/10/2005,1.28
13/10/2005,1.3
14/10/2005,1.3
17/10/2005,1.26
18/10/2005,1.24
19/10/2005,1.25
20/10/2005,1.25
21/10/2005,1.24
24/10/2005,1.24
25/10/2005,1.24
26/10/2005,1.26
27/10/2005,1.27
28/10/2005,1.27
31/10/2005,1.29
01/11/2005,1.29
02/11/2005,1.29
03/11/2005,1.28
04/11/2005,1.28
07/11/2005,1.28
08/11/2005,1.29
09/11/2005,1.29
10/11/2005,1.3
11/11/2005,1.3
14/11/2005,1.31
15/11/2005,1.31
16/11/2005,1.34
17/11/2005,1.36
18/11/2005,1.35
21/11/2005,1.34
22/11/2005,1.35
23/11/2005,1.35
24/11/2005,1.35
25/11/2005,1.35
28/11/2005,1.35
29/11/2005,1.33
30/11/2005,1.36
01/12/2005,1.36
02/12/2005,1.36
05/12/2005,1.37
06/12/2005,1.38
07/12/2005,1.39
08/12/2005,1.39
09/12/2005,1.37
12/12/2005,1.37
13/12/2005,1.37
14/12/2005,1.38
15/12/2005,1.38
16/12/2005,1.38
19/12/2005,1.38
20/12/2005,1.39
21/12/2005,1.39
22/12/2005,1.39
23/12/2005,1.39
27/12/2005,1.39
28/12/2005,1.39
29/12/2005,1.41
30/12/2005,1.4
31/12/2005,1.21
03/01/2006,1.21
04/01/2006,1.21
05/01/2006,1.21
06/01/2006,1.21
09/01/2006,1.2
10/01/2006,1.2
11/01/2006,1.2
12/01/2006,1.2
13/01/2006,1.21
16/01/2006,1.2
17/01/2006,1.24
18/01/2006,1.2
19/01/2006,1.2
20/01/2006,1.19
23/01/2006,1.19
24/01/2006,1.19
25/01/2006,1.18
26/01/2006,1.17
27/01/2006,1.17
30/01/2006,1.17
31/01/2006,1.16
01/02/2006,1.16
02/02/2006,1.15
03/02/2006,1.16
06/02/2006,1.15
07/02/2006,1.16
08/02/2006,1.16
09/02/2006,1.15
10/02/2006,1.15
13/02/2006,1.14
14/02/2006,1.14
15/02/2006,1.14
16/02/2006,1.14
17/02/2006,1.13
20/02/2006,1.13
21/02/2006,1.13
22/02/2006,1.13
23/02/2006,1.12
24/02/2006,1.12
27/02/2006,1.12
28/02/2006,1.17
01/03/2006,1.13
02/03/2006,1.13
03/03/2006,1.13
06/03/2006,1.13
07/03/2006,1.13
08/03/2006,1.14
09/03/2006,1.14
10/03/2006,1.14
13/03/2006,1.14
14/03/2006,1.14
15/03/2006,1.13
16/03/2006,1.14
17/03/2006,1.13
20/03/2006,1.13
21/03/2006,1.13
22/03/2006,1.13
23/03/2006,1.13
24/03/2006,1.14
27/03/2006,1.14
28/03/2006,1.13
29/03/2006,1.14
30/03/2006,1.14
31/03/2006,1.16
03/04/2006,1.16
04/04/2006,1.16
05/04/2006,1.16
06/04/2006,1.16
07/04/2006,1.15
10/04/2006,1.15
11/04/2006,1.16
12/04/2006,1.15
13/04/2006,1.15
17/04/2006,1.15
18/04/2006,1.16
19/04/2006,1.15
20/04/2006,1.15
21/04/2006,1.15
24/04/2006,1.14
25/04/2006,1.13
26/04/2006,1.13
27/04/2006,1.13
28/04/2006,1.13
30/04/2006,1.13
01/05/2006,1.12
02/05/2006,1.11
03/05/2006,1.11
04/05/2006,1.11
05/05/2006,1.11
08/05/2006,1.11
09/05/2006,1.11
10/05/2006,1.11
11/05/2006,1.11
12/05/2006,1.11
15/05/2006,1.11
16/05/2006,1.12
17/05/2006,1.13
18/05/2006,1.14
19/05/2006,1.14
22/05/2006,1.15
23/05/2006,1.15
24/05/2006,1.16
25/05/2006,1.16
26/05/2006,1.16
29/05/2006,1.16
30/05/2006,1.16
31/05/2006,1.19
01/06/2006,1.2
02/06/2006,1.2
05/06/2006,1.2
06/06/2006,1.22
07/06/2006,1.22
08/06/2006,1.23
09/06/2006,1.23
12/06/2006,1.23
13/06/2006,1.24
14/06/2006,1.25
15/06/2006,1.24
16/06/2006,1.24
19/06/2006,1.24
20/06/2006,1.25
21/06/2006,1.25
22/06/2006,1.26
23/06/2006,1.26
26/06/2006,1.27
27/06/2006,1.27
28/06/2006,1.27
29/06/2006,1.27
30/06/2006,1.27
03/07/2006,1.27
04/07/2006,1.27
05/07/2006,1.26
06/07/2006,1.26
07/07/2006,1.26
10/07/2006,1.26
11/07/2006,1.26
12/07/2006,1.26
13/07/2006,1.27
14/07/2006,1.28
17/07/2006,1.28
18/07/2006,1.27
19/07/2006,1.28
20/07/2006,1.27
21/07/2006,1.27
24/07/2006,1.27
25/07/2006,1.27
26/07/2006,1.27
27/07/2006,1.26
28/07/2006,1.27
31/07/2006,1.27
01/08/2006,1.27
02/08/2006,1.27
03/08/2006,1.27
04/08/2006,1.27
07/08/2006,1.27
08/08/2006,1.28
09/08/2006,1.28
10/08/2006,1.28
11/08/2006,1.28
14/08/2006,1.27
15/08/2006,1.27
16/08/2006,1.27
17/08/2006,1.27
18/08/2006,1.27
21/08/2006,1.27
22/08/2006,1.27
23/08/2006,1.27
24/08/2006,1.27
25/08/2006,1.27
28/08/2006,1.27
29/08/2006,1.27
30/08/2006,1.27
31/08/2006,1.28
01/09/2006,1.28
04/09/2006,1.28
05/09/2006,1.27
06/09/2006,1.28
07/09/2006,1.27
08/09/2006,1.27
11/09/2006,1.27
12/09/2006,1.27
13/09/2006,1.27
14/09/2006,1.27
15/09/2006,1.26
18/09/2006,1.26
19/09/2006,1.27
20/09/2006,1.27
21/09/2006,1.28
22/09/2006,1.28
25/09/2006,1.28
26/09/2006,1.28
27/09/2006,1.28
28/09/2006,1.28
29/09/2006,1.28
30/09/2006,1.29
02/10/2006,1.29
03/10/2006,1.29
04/10/2006,1.3
05/10/2006,1.29
06/10/2006,1.28
09/10/2006,1.28
10/10/2006,1.28
11/10/2006,1.28
12/10/2006,1.27
13/10/2006,1.27
16/10/2006,1.27
17/10/2006,1.27
18/10/2006,1.26
19/10/2006,1.26
20/10/2006,1.25
23/10/2006,1.25
24/10/2006,1.25
25/10/2006,1.25
26/10/2006,1.25
27/10/2006,1.25
30/10/2006,1.25
31/10/2006,1.26
01/11/2006,1.26
02/11/2006,1.25
03/11/2006,1.23
06/11/2006,1.23
07/11/2006,1.23
08/11/2006,1.23
09/11/2006,1.22
10/11/2006,1.22
13/11/2006,1.22
14/11/2006,1.22
15/11/2006,1.21
16/11/2006,1.21
17/11/2006,1.22
20/11/2006,1.21
21/11/2006,1.21
22/11/2006,1.22
23/11/2006,1.22
24/11/2006,1.22
27/11/2006,1.22
28/11/2006,1.22
29/11/2006,1.22
30/11/2006,1.23
01/12/2006,1.24
04/12/2006,1.23
05/12/2006,1.23
06/12/2006,1.22
07/12/2006,1.21
08/12/2006,1.21
11/12/2006,1.21
12/12/2006,1.22
13/12/2006,1.21
14/12/2006,1.22
15/12/2006,1.22
18/12/2006,1.22
19/12/2006,1.22
20/12/2006,1.22
21/12/2006,1.22
22/12/2006,1.21
26/12/2006,1.21
27/12/2006,1.21
28/12/2006,1.2
29/12/2006,1.2
31/12/2006,1.22
02/01/2007,1.22
03/01/2007,1.22
04/01/2007,1.21
05/01/2007,1.21
08/01/2007,1.21
09/01/2007,1.21
10/01/2007,1.21
11/01/2007,1.2
12/01/2007,1.2
15/01/2007,1.19
16/01/2007,1.19
17/01/2007,1.18
18/01/2007,1.18
19/01/2007,1.18
22/01/2007,1.18
23/01/2007,1.17
24/01/2007,1.16
25/01/2007,1.15
26/01/2007,1.15
29/01/2007,1.15
30/01/2007,1.15
31/01/2007,1.17
01/02/2007,1.16
02/02/2007,1.16
05/02/2007,1.15
06/02/2007,1.15
07/02/2007,1.15
08/02/2007,1.14
09/02/2007,1.14
12/02/2007,1.14
13/02/2007,1.14
14/02/2007,1.14
15/02/2007,1.13
16/02/2007,1.13
19/02/2007,1.13
20/02/2007,1.12
21/02/2007,1.12
22/02/2007,1.12
23/02/2007,1.12
26/02/2007,1.12
27/02/2007,1.15
28/02/2007,1.16
01/03/2007,1.16
02/03/2007,1.17
05/03/2007,1.19
06/03/2007,1.19
07/03/2007,1.19
08/03/2007,1.18
09/03/2007,1.17
12/03/2007,1.18
13/03/2007,1.2
14/03/2007,1.2
15/03/2007,1.2
16/03/2007,1.2
19/03/2007,1.2
20/03/2007,1.2
21/03/2007,1.21
22/03/2007,1.2
23/03/2007,1.2
26/03/2007,1.2
27/03/2007,1.2
28/03/2007,1.21
29/03/2007,1.21
30/03/2007,1.2
31/03/2007,1.22
02/04/2007,1.22
03/04/2007,1.22
04/04/2007,1.23
05/04/2007,1.23
09/04/2007,1.22
10/04/2007,1.21
11/04/2007,1.21
12/04/2007,1.21
13/04/2007,1.2
16/04/2007,1.2
17/04/2007,1.2
18/04/2007,1.2
19/04/2007,1.2
20/04/2007,1.2
23/04/2007,1.2
24/04/2007,1.2
25/04/2007,1.2
26/04/2007,1.2
27/04/2007,1.2
30/04/2007,1.2
01/05/2007,1.2
02/05/2007,1.2
03/05/2007,1.2
04/05/2007,1.2
07/05/2007,1.19
08/05/2007,1.19
09/05/2007,1.19
10/05/2007,1.19
11/05/2007,1.19
14/05/2007,1.18
15/05/2007,1.17
16/05/2007,1.17
17/05/2007,1.17
18/05/2007,1.17
21/05/2007,1.17
22/05/2007,1.16
23/05/2007,1.16
24/05/2007,1.16
25/05/2007,1.16
29/05/2007,1.16
30/05/2007,1.17
31/05/2007,1.2
01/06/2007,1.19
04/06/2007,1.19
05/06/2007,1.19
06/06/2007,1.2
07/06/2007,1.21
08/06/2007,1.22
11/06/2007,1.22
12/06/2007,1.22
13/06/2007,1.22
14/06/2007,1.21
15/06/2007,1.21
18/06/2007,1.21
19/06/2007,1.21
20/06/2007,1.21
21/06/2007,1.22
22/06/2007,1.23
25/06/2007,1.24
26/06/2007,1.24
27/06/2007,1.25
28/06/2007,1.25
29/06/2007,1.26
30/06/2007,1.27
02/07/2007,1.27
03/07/2007,1.27
04/07/2007,1.27
05/07/2007,1.27
06/07/2007,1.26
09/07/2007,1.26
10/07/2007,1.28
11/07/2007,1.29
12/07/2007,1.29
13/07/2007,1.29
16/07/2007,1.29
17/07/2007,1.29
18/07/2007,1.31
19/07/2007,1.32
20/07/2007,1.35
23/07/2007,1.36
24/07/2007,1.38
25/07/2007,1.41
26/07/2007,1.56
27/07/2007,1.61
30/07/2007,1.61
31/07/2007,1.62
01/08/2007,1.62
02/08/2007,1.61
03/08/2007,1.62
06/08/2007,1.63
07/08/2007,1.63
08/08/2007,1.61
09/08/2007,1.6
10/08/2007,1.62
13/08/2007,1.62
14/08/2007,1.63
15/08/2007,1.68
16/08/2007,1.76
17/08/2007,1.77
20/08/2007,1.78
21/08/2007,1.79
22/08/2007,1.79
23/08/2007,1.76
24/08/2007,1.75
27/08/2007,1.76
28/08/2007,1.79
29/08/2007,1.8
30/08/2007,1.81
31/08/2007,1.74
03/09/2007,1.74
04/09/2007,1.77
05/09/2007,1.78
06/09/2007,1.79
07/09/2007,1.83
10/09/2007,1.85
11/09/2007,1.86
12/09/2007,1.86
13/09/2007,1.86
14/09/2007,1.86
17/09/2007,1.85
18/09/2007,1.86
19/09/2007,1.83
20/09/2007,1.8
21/09/2007,1.78
24/09/2007,1.77
25/09/2007,1.78
26/09/2007,1.77
27/09/2007,1.77
28/09/2007,1.77
30/09/2007,1.78
01/10/2007,1.78
02/10/2007,1.79
03/10/2007,1.78
04/10/2007,1.77
05/10/2007,1.76
08/10/2007,1.75
09/10/2007,1.74
10/10/2007,1.72
11/10/2007,1.7
12/10/2007,1.68
15/10/2007,1.67
16/10/2007,1.68
17/10/2007,1.7
18/10/2007,1.72
19/10/2007,1.74
22/10/2007,1.75
23/10/2007,1.75
24/10/2007,1.77
25/10/2007,1.78
26/10/2007,1.78
29/10/2007,1.77
30/10/2007,1.78
31/10/2007,1.83
01/11/2007,1.86
02/11/2007,1.9
05/11/2007,1.91
06/11/2007,1.91
07/11/2007,1.94
08/11/2007,1.98
09/11/2007,2.01
12/11/2007,2.01
13/11/2007,2.04
14/11/2007,2.05
15/11/2007,2.08
16/11/2007,2.12
19/11/2007,2.17
20/11/2007,2.19
21/11/2007,2.24
22/11/2007,2.24
23/11/2007,2.23
26/11/2007,2.27
27/11/2007,2.3
28/11/2007,2.32
29/11/2007,2.35
30/11/2007,2.34
03/12/2007,2.35
04/12/2007,2.38
05/12/2007,2.41
06/12/2007,2.44
07/12/2007,2.43
10/12/2007,2.43
11/12/2007,2.45
12/12/2007,2.44
13/12/2007,2.44
14/12/2007,2.44
17/12/2007,2.43
18/12/2007,2.43
19/12/2007,2.43
20/12/2007,2.44
21/12/2007,2.43
24/12/2007,2.42
26/12/2007,2.42
27/12/2007,2.42
28/12/2007,2.43
31/12/2007,2.45
02/01/2008,2.47
03/01/2008,2.49
04/01/2008,2.52
07/01/2008,2.56
08/01/2008,2.58
09/01/2008,2.64
10/01/2008,2.62
11/01/2008,2.57
14/01/2008,2.58
15/01/2008,2.59
16/01/2008,2.6
17/01/2008,2.64
18/01/2008,2.66
21/01/2008,2.66
22/01/2008,2.75
23/01/2008,2.79
24/01/2008,2.77
25/01/2008,2.75
28/01/2008,2.76
29/01/2008,2.75
30/01/2008,2.75
31/01/2008,2.77
01/02/2008,2.78
04/02/2008,2.78
05/02/2008,2.79
06/02/2008,2.8
07/02/2008,2.82
08/02/2008,2.83
11/02/2008,2.86
12/02/2008,2.87
13/02/2008,2.88
14/02/2008,2.89
15/02/2008,2.9
18/02/2008,2.9
19/02/2008,2.9
20/02/2008,2.91
21/02/2008,2.93
22/02/2008,2.95
25/02/2008,2.95
26/02/2008,2.96
27/02/2008,2.96
28/02/2008,3.02
29/02/2008,3.07
03/03/2008,3.1
04/03/2008,3.15
05/03/2008,3.18
06/03/2008,3.25
07/03/2008,3.28
10/03/2008,3.32
11/03/2008,3.35
12/03/2008,3.38
13/03/2008,3.43
14/03/2008,3.45
17/03/2008,3.52
18/03/2008,3.52
19/03/2008,3.54
20/03/2008,3.54
24/03/2008,3.51
25/03/2008,3.49
26/03/2008,3.49
27/03/2008,3.49
28/03/2008,3.49
31/03/2008,3.48
01/04/2008,3.46
02/04/2008,3.4
03/04/2008,3.39
04/04/2008,3.37
07/04/2008,3.31
08/04/2008,3.3
09/04/2008,3.32
10/04/2008,3.32
11/04/2008,3.33
14/04/2008,3.33
15/04/2008,3.33
16/04/2008,3.31
17/04/2008,3.29
18/04/2008,3.24
21/04/2008,3.22
22/04/2008,3.18
23/04/2008,3.17
24/04/2008,3.14
25/04/2008,3.13
28/04/2008,3.08
29/04/2008,3.07
30/04/2008,3.03
01/05/2008,3
02/05/2008,2.95
05/05/2008,2.95
06/05/2008,2.96
07/05/2008,2.95
08/05/2008,2.97
09/05/2008,2.97
12/05/2008,2.97
13/05/2008,2.95
14/05/2008,2.93
15/05/2008,2.93
16/05/2008,2.91
19/05/2008,2.91
20/05/2008,2.92
21/05/2008,2.92
22/05/2008,2.92
23/05/2008,2.94
26/05/2008,2.94
27/05/2008,2.94
28/05/2008,2.92
29/05/2008,2.9
30/05/2008,2.9
31/05/2008,2.83
02/06/2008,2.84
03/06/2008,2.85
04/06/2008,2.86
05/06/2008,2.84
06/06/2008,2.85
09/06/2008,2.83
10/06/2008,2.83
11/06/2008,2.84
12/06/2008,2.83
13/06/2008,2.83
16/06/2008,2.82
17/06/2008,2.82
18/06/2008,2.84
19/06/2008,2.84
20/06/2008,2.86
23/06/2008,2.87
24/06/2008,2.89
25/06/2008,2.9
26/06/2008,2.97
27/06/2008,3
30/06/2008,3.06
01/07/2008,3.09
02/07/2008,3.09
03/07/2008,3.11
04/07/2008,3.11
07/07/2008,3.12
08/07/2008,3.15
09/07/2008,3.17
10/07/2008,3.18
11/07/2008,3.19
14/07/2008,3.2
15/07/2008,3.24
16/07/2008,3.25
17/07/2008,3.26
18/07/2008,3.25
21/07/2008,3.24
22/07/2008,3.26
23/07/2008,3.25
24/07/2008,3.27
25/07/2008,3.28
28/07/2008,3.3
29/07/2008,3.29
30/07/2008,3.3
31/07/2008,3.31
01/08/2008,3.32
04/08/2008,3.32
05/08/2008,3.33
06/08/2008,3.33
07/08/2008,3.35
08/08/2008,3.35
11/08/2008,3.35
12/08/2008,3.36
13/08/2008,3.35
14/08/2008,3.36
15/08/2008,3.37
18/08/2008,3.38
19/08/2008,3.39
20/08/2008,3.42
21/08/2008,3.42
22/08/2008,3.43
25/08/2008,3.45
26/08/2008,3.46
27/08/2008,3.46
28/08/2008,3.47
29/08/2008,3.48
31/08/2008,3.47
01/09/2008,3.47
02/09/2008,3.49
03/09/2008,3.5
04/09/2008,3.52
05/09/2008,3.53
08/09/2008,3.53
09/09/2008,3.56
10/09/2008,3.59
11/09/2008,3.64
12/09/2008,3.66
15/09/2008,3.8
16/09/2008,3.91
17/09/2008,4.03
18/09/2008,4.1
19/09/2008,4.02
22/09/2008,4.02
23/09/2008,4.05
24/09/2008,4.13
25/09/2008,4.23
26/09/2008,4.29
29/09/2008,4.4
30/09/2008,4.56
01/10/2008,4.64
02/10/2008,4.84
03/10/2008,4.91
06/10/2008,5.06
07/10/2008,5.15
08/10/2008,5.25
09/10/2008,5.37
10/10/2008,5.81
13/10/2008,5.82
14/10/2008,5.86
15/10/2008,5.97
16/10/2008,6.17
17/10/2008,6.4
20/10/2008,6.46
21/10/2008,6.55
22/10/2008,6.57
23/10/2008,6.61
24/10/2008,6.77
27/10/2008,6.86
28/10/2008,6.93
29/10/2008,6.99
30/10/2008,7
31/10/2008,6.98
03/11/2008,6.99
04/11/2008,6.99
05/11/2008,6.91
06/11/2008,6.89
07/11/2008,6.87
10/11/2008,6.86
11/11/2008,6.86
12/11/2008,6.86
13/11/2008,6.92
14/11/2008,6.92
17/11/2008,6.97
18/11/2008,7.07
19/11/2008,7.14
20/11/2008,7.3
21/11/2008,7.44
24/11/2008,7.54
25/11/2008,7.58
26/11/2008,7.59
27/11/2008,7.59
28/11/2008,7.62
30/11/2008,7.68
01/12/2008,7.72
02/12/2008,7.81
03/12/2008,7.88
04/12/2008,7.9
05/12/2008,7.94
08/12/2008,7.94
09/12/2008,7.97
10/12/2008,7.98
11/12/2008,8
12/12/2008,8.01
15/12/2008,8.02
16/12/2008,8.04
17/12/2008,7.98
18/12/2008,7.92
19/12/2008,7.86
22/12/2008,7.84
23/12/2008,7.81
24/12/2008,7.78
26/12/2008,7.78
29/12/2008,7.77
30/12/2008,7.69
31/12/2008,7.84
02/01/2009,7.82
05/01/2009,7.73
06/01/2009,7.54
07/01/2009,7.42
08/01/2009,7.34
09/01/2009,7.28
12/01/2009,7.22
13/01/2009,7.21
14/01/2009,7.17
15/01/2009,7.18
16/01/2009,7.13
19/01/2009,7.13
20/01/2009,7.11
21/01/2009,7.08
22/01/2009,7.07
23/01/2009,7.05
26/01/2009,7
27/01/2009,6.93
28/01/2009,6.85
29/01/2009,6.77
30/01/2009,6.71
31/01/2009,6.79
02/02/2009,6.78
03/02/2009,6.77
04/02/2009,6.73
05/02/2009,6.7
06/02/2009,6.67
09/02/2009,6.62
10/02/2009,6.6
11/02/2009,6.58
12/02/2009,6.62
13/02/2009,6.63
16/02/2009,6.62
17/02/2009,6.65
18/02/2009,6.69
19/02/2009,6.69
20/02/2009,6.73
23/02/2009,6.75
24/02/2009,6.83
25/02/2009,6.83
26/02/2009,6.88
27/02/2009,6.93
28/02/2009,6.87
02/03/2009,6.94
03/03/2009,6.98
04/03/2009,7.02
05/03/2009,7.06
06/03/2009,7.11
09/03/2009,7.16
10/03/2009,7.19
11/03/2009,7.2
12/03/2009,7.23
13/03/2009,7.24
16/03/2009,7.22
17/03/2009,7.22
18/03/2009,7.26
19/03/2009,7.28
20/03/2009,7.29
23/03/2009,7.3
24/03/2009,7.28
25/03/2009,7.27
26/03/2009,7.25
27/03/2009,7.23
30/03/2009,7.24
31/03/2009,7.31
01/04/2009,7.32
02/04/2009,7.28
03/04/2009,7.25
06/04/2009,7.21
07/04/2009,7.18
08/04/2009,7.13
09/04/2009,7.05
13/04/2009,7
14/04/2009,6.95
15/04/2009,6.89
16/04/2009,6.81
17/04/2009,6.7
20/04/2009,6.66
21/04/2009,6.64
22/04/2009,6.59
23/04/2009,6.59
24/04/2009,6.55
27/04/2009,6.53
28/04/2009,6.47
29/04/2009,6.37
30/04/2009,6.29
01/05/2009,6.19
04/05/2009,6.15
05/05/2009,6.06
06/05/2009,5.97
07/05/2009,5.83
08/05/2009,5.73
11/05/2009,5.74
12/05/2009,5.72
13/05/2009,5.73
14/05/2009,5.75
15/05/2009,5.73
18/05/2009,5.72
19/05/2009,5.65
20/05/2009,5.58
21/05/2009,5.53
22/05/2009,5.48
25/05/2009,5.48
26/05/2009,5.42
27/05/2009,5.33
28/05/2009,5.24
29/05/2009,5.14
31/05/2009,5.1
01/06/2009,5.05
02/06/2009,4.9
03/06/2009,4.82
04/06/2009,4.77
05/06/2009,4.69
08/06/2009,4.64
09/06/2009,4.62
10/06/2009,4.53
11/06/2009,4.47
12/06/2009,4.44
15/06/2009,4.41
16/06/2009,4.39
17/06/2009,4.4
18/06/2009,4.37
19/06/2009,4.34
22/06/2009,4.36
23/06/2009,4.35
24/06/2009,4.36
25/06/2009,4.36
26/06/2009,4.38
29/06/2009,4.38
30/06/2009,4.33
01/07/2009,4.33
02/07/2009,4.33
03/07/2009,4.33
06/07/2009,4.34
07/07/2009,4.33
08/07/2009,4.34
09/07/2009,4.34
10/07/2009,4.35
13/07/2009,4.34
14/07/2009,4.3
15/07/2009,4.24
16/07/2009,4.21
17/07/2009,4.17
20/07/2009,4.15
21/07/2009,4.12
22/07/2009,4.08
23/07/2009,4.02
24/07/2009,3.97
27/07/2009,3.92
28/07/2009,3.87
29/07/2009,3.79
30/07/2009,3.69
31/07/2009,3.65
03/08/2009,3.6
04/08/2009,3.54
05/08/2009,3.49
06/08/2009,3.43
07/08/2009,3.38
10/08/2009,3.36
11/08/2009,3.37
12/08/2009,3.38
13/08/2009,3.37
14/08/2009,3.38
17/08/2009,3.41
18/08/2009,3.43
19/08/2009,3.45
20/08/2009,3.44
21/08/2009,3.43
24/08/2009,3.41
25/08/2009,3.39
26/08/2009,3.38
27/08/2009,3.36
28/08/2009,3.34
31/08/2009,3.34
01/09/2009,3.35
02/09/2009,3.36
03/09/2009,3.36
04/09/2009,3.35
07/09/2009,3.35
08/09/2009,3.33
09/09/2009,3.32
10/09/2009,3.28
11/09/2009,3.25
14/09/2009,3.23
15/09/2009,3.18
16/09/2009,3.14
17/09/2009,3.12
18/09/2009,3.08
21/09/2009,3.07
22/09/2009,3.05
23/09/2009,3.04
24/09/2009,3.04
25/09/2009,3.04
28/09/2009,3.05
29/09/2009,3.05
30/09/2009,3.06
01/10/2009,3.09
02/10/2009,3.11
05/10/2009,3.1
06/10/2009,3.07
07/10/2009,3.06
08/10/2009,3.05
09/10/2009,3.02
12/10/2009,3.02
13/10/2009,3.02
14/10/2009,3.01
15/10/2009,2.99
16/10/2009,2.98
19/10/2009,2.97
20/10/2009,2.97
21/10/2009,2.94
22/10/2009,2.92
23/10/2009,2.9
26/10/2009,2.88
27/10/2009,2.88
28/10/2009,2.89
29/10/2009,2.88
30/10/2009,2.89
31/10/2009,2.88
02/11/2009,2.89
03/11/2009,2.89
04/11/2009,2.88
05/11/2009,2.88
06/11/2009,2.88
09/11/2009,2.87
10/11/2009,2.85
11/11/2009,2.85
12/11/2009,2.86
13/11/2009,2.85
16/11/2009,2.84
17/11/2009,2.83
18/11/2009,2.83
19/11/2009,2.82
20/11/2009,2.81
23/11/2009,2.81
24/11/2009,2.82
25/11/2009,2.82
26/11/2009,2.82
27/11/2009,2.84
30/11/2009,2.88
01/12/2009,2.88
02/12/2009,2.86
03/12/2009,2.84
04/12/2009,2.81
07/12/2009,2.79
08/12/2009,2.78
09/12/2009,2.77
10/12/2009,2.74
11/12/2009,2.72
14/12/2009,2.67
15/12/2009,2.64
16/12/2009,2.62
17/12/2009,2.6
18/12/2009,2.58
21/12/2009,2.57
22/12/2009,2.56
23/12/2009,2.55
24/12/2009,2.53
28/12/2009,2.52
29/12/2009,2.5
30/12/2009,2.49
31/12/2009,2.48
04/01/2010,2.46
05/01/2010,2.42
06/01/2010,2.38
07/01/2010,2.34
08/01/2010,2.31
11/01/2010,2.29
12/01/2010,2.29
13/01/2010,2.28
14/01/2010,2.27
15/01/2010,2.28
18/01/2010,2.28
19/01/2010,2.29
20/01/2010,2.29
21/01/2010,2.3
22/01/2010,2.32
25/01/2010,2.34
26/01/2010,2.35
27/01/2010,2.35
28/01/2010,2.35
29/01/2010,2.35
31/01/2010,2.3
01/02/2010,2.32
02/02/2010,2.31
03/02/2010,2.3
04/02/2010,2.33
05/02/2010,2.36
08/02/2010,2.38
09/02/2010,2.39
10/02/2010,2.39
11/02/2010,2.38
12/02/2010,2.38
15/02/2010,2.37
16/02/2010,2.38
17/02/2010,2.37
18/02/2010,2.34
19/02/2010,2.33
22/02/2010,2.31
23/02/2010,2.3
24/02/2010,2.3
25/02/2010,2.31
26/02/2010,2.31
28/02/2010,2.33
01/03/2010,2.35
02/03/2010,2.31
03/03/2010,2.31
04/03/2010,2.3
05/03/2010,2.27
08/03/2010,2.24
09/03/2010,2.23
10/03/2010,2.21
11/03/2010,2.2
12/03/2010,2.19
15/03/2010,2.18
16/03/2010,2.18
17/03/2010,2.16
18/03/2010,2.15
19/03/2010,2.14
22/03/2010,2.13
23/03/2010,2.13
24/03/2010,2.11
25/03/2010,2.09
26/03/2010,2.08
29/03/2010,2.08
30/03/2010,2.07
31/03/2010,2.05
01/04/2010,2.04
05/04/2010,2.02
06/04/2010,2.01
07/04/2010,2.01
08/04/2010,2
09/04/2010,1.99
12/04/2010,1.99
13/04/2010,1.99
14/04/2010,1.97
15/04/2010,1.95
16/04/2010,1.95
19/04/2010,1.94
20/04/2010,1.93
21/04/2010,1.93
22/04/2010,1.92
23/04/2010,1.91
26/04/2010,1.91
27/04/2010,1.94
28/04/2010,1.94
29/04/2010,1.95
30/04/2010,1.97
03/05/2010,1.98
04/05/2010,2
05/05/2010,2.05
06/05/2010,2.16
07/05/2010,2.25
10/05/2010,2.2
11/05/2010,2.22
12/05/2010,2.2
13/05/2010,2.18
14/05/2010,2.21
17/05/2010,2.21
18/05/2010,2.23
19/05/2010,2.3
20/05/2010,2.4
21/05/2010,2.44
24/05/2010,2.46
25/05/2010,2.53
26/05/2010,2.52
27/05/2010,2.5
28/05/2010,2.5
31/05/2010,2.51
01/06/2010,2.53
02/06/2010,2.56
03/06/2010,2.53
04/06/2010,2.56
07/06/2010,2.58
08/06/2010,2.62
09/06/2010,2.62
10/06/2010,2.62
11/06/2010,2.63
14/06/2010,2.61
15/06/2010,2.61
16/06/2010,2.6
17/06/2010,2.59
18/06/2010,2.58
21/06/2010,2.54
22/06/2010,2.55
23/06/2010,2.56
24/06/2010,2.57
25/06/2010,2.58
28/06/2010,2.59
29/06/2010,2.6
30/06/2010,2.63
01/07/2010,2.64
02/07/2010,2.64
05/07/2010,2.64
06/07/2010,2.63
07/07/2010,2.63
08/07/2010,2.62
09/07/2010,2.6
12/07/2010,2.58
13/07/2010,2.55
14/07/2010,2.54
15/07/2010,2.54
16/07/2010,2.54
19/07/2010,2.54
20/07/2010,2.54
21/07/2010,2.52
22/07/2010,2.51
23/07/2010,2.48
26/07/2010,2.45
27/07/2010,2.41
28/07/2010,2.4
29/07/2010,2.39
30/07/2010,2.41
31/07/2010,2.41
02/08/2010,2.4
03/08/2010,2.4
04/08/2010,2.38
05/08/2010,2.38
06/08/2010,2.38
09/08/2010,2.37
10/08/2010,2.39
11/08/2010,2.41
12/08/2010,2.43
13/08/2010,2.42
16/08/2010,2.43
17/08/2010,2.42
18/08/2010,2.41
19/08/2010,2.41
20/08/2010,2.4
23/08/2010,2.41
24/08/2010,2.42
25/08/2010,2.44
26/08/2010,2.46
27/08/2010,2.45
30/08/2010,2.46
31/08/2010,2.49
01/09/2010,2.48
02/09/2010,2.46
03/09/2010,2.44
06/09/2010,2.44
07/09/2010,2.44
08/09/2010,2.43
09/09/2010,2.41
10/09/2010,2.39
13/09/2010,2.37
14/09/2010,2.37
15/09/2010,2.36
16/09/2010,2.35
17/09/2010,2.35
20/09/2010,2.35
21/09/2010,2.35
22/09/2010,2.36
23/09/2010,2.36
24/09/2010,2.35
27/09/2010,2.35
28/09/2010,2.36
29/09/2010,2.36
30/09/2010,2.37
01/10/2010,2.36
04/10/2010,2.37
05/10/2010,2.36
06/10/2010,2.35
07/10/2010,2.34
08/10/2010,2.33
11/10/2010,2.33
12/10/2010,2.32
13/10/2010,2.31
14/10/2010,2.3
15/10/2010,2.3
18/10/2010,2.31
19/10/2010,2.31
20/10/2010,2.32
21/10/2010,2.3
22/10/2010,2.29
25/10/2010,2.27
26/10/2010,2.26
27/10/2010,2.24
28/10/2010,2.25
29/10/2010,2.25
31/10/2010,2.26
01/11/2010,2.28
02/11/2010,2.26
03/11/2010,2.26
04/11/2010,2.25
05/11/2010,2.23
08/11/2010,2.23
09/11/2010,2.22
10/11/2010,2.23
11/11/2010,2.23
12/11/2010,2.24
15/11/2010,2.24
16/11/2010,2.24
17/11/2010,2.25
18/11/2010,2.23
19/11/2010,2.22
22/11/2010,2.23
23/11/2010,2.26
24/11/2010,2.24
25/11/2010,2.24
26/11/2010,2.24
29/11/2010,2.27
30/11/2010,2.28
01/12/2010,2.27
02/12/2010,2.25
03/12/2010,2.25
06/12/2010,2.24
07/12/2010,2.21
08/12/2010,2.18
09/12/2010,2.16
10/12/2010,2.14
13/12/2010,2.15
14/12/2010,2.12
15/12/2010,2.11
16/12/2010,2.12
17/12/2010,2.12
20/12/2010,2.12
21/12/2010,2.13
22/12/2010,2.12
23/12/2010,2.1
24/12/2010,2.1
27/12/2010,2.11
28/12/2010,2.09
29/12/2010,2.11
30/12/2010,2.09
31/12/2010,2.11
03/01/2011,2.11
04/01/2011,2.1
05/01/2011,2.07
06/01/2011,2.06
07/01/2011,2.06
10/01/2011,2.08
11/01/2011,2.07
12/01/2011,2.06
13/01/2011,2.06
14/01/2011,2.05
17/01/2011,2.05
18/01/2011,2.04
19/01/2011,2.04
20/01/2011,2.03
21/01/2011,2.02
24/01/2011,2.01
25/01/2011,2.02
26/01/2011,2.02
27/01/2011,2.01
28/01/2011,2.02
31/01/2011,2.04
01/02/2011,2.03
02/02/2011,2.01
03/02/2011,1.99
04/02/2011,1.96
07/02/2011,1.94
08/02/2011,1.92
09/02/2011,1.92
10/02/2011,1.91
11/02/2011,1.91
14/02/2011,1.91
15/02/2011,1.9
16/02/2011,1.9
17/02/2011,1.9
18/02/2011,1.89
21/02/2011,1.89
22/02/2011,1.91
23/02/2011,1.92
24/02/2011,1.94
25/02/2011,1.93
28/02/2011,1.94
01/03/2011,1.94
02/03/2011,1.93
03/03/2011,1.9
04/03/2011,1.9
07/03/2011,1.9
08/03/2011,1.89
09/03/2011,1.89
10/03/2011,1.92
11/03/2011,1.92
14/03/2011,1.93
15/03/2011,1.97
16/03/2011,1.99
17/03/2011,1.99
18/03/2011,1.97
21/03/2011,1.95
22/03/2011,1.94
23/03/2011,1.94
24/03/2011,1.92
25/03/2011,1.9
28/03/2011,1.89
29/03/2011,1.89
30/03/2011,1.9
31/03/2011,1.89
01/04/2011,1.88
04/04/2011,1.89
05/04/2011,1.86
06/04/2011,1.85
07/04/2011,1.85
08/04/2011,1.84
11/04/2011,1.83
12/04/2011,1.85
13/04/2011,1.85
14/04/2011,1.85
15/04/2011,1.86
18/04/2011,1.87
19/04/2011,1.87
20/04/2011,1.86
21/04/2011,1.85
25/04/2011,1.85
26/04/2011,1.85
27/04/2011,1.85
28/04/2011,1.86
29/04/2011,1.85
30/04/2011,1.86
02/05/2011,1.87
03/05/2011,1.87
04/05/2011,1.87
05/05/2011,1.88
06/05/2011,1.89
09/05/2011,1.89
10/05/2011,1.88
11/05/2011,1.89
12/05/2011,1.89
13/05/2011,1.89
16/05/2011,1.89
17/05/2011,1.9
18/05/2011,1.89
19/05/2011,1.89
20/05/2011,1.89
23/05/2011,1.9
24/05/2011,1.9
25/05/2011,1.92
26/05/2011,1.94
27/05/2011,1.95
30/05/2011,1.94
31/05/2011,1.96
01/06/2011,1.97
02/06/2011,1.99
03/06/2011,2
06/06/2011,2
07/06/2011,2
08/06/2011,2.02
09/06/2011,2.02
10/06/2011,2.02
13/06/2011,2.03
14/06/2011,2.01
15/06/2011,2.04
16/06/2011,2.06
17/06/2011,2.06
20/06/2011,2.06
21/06/2011,2.06
22/06/2011,2.06
23/06/2011,2.09
24/06/2011,2.11
27/06/2011,2.12
28/06/2011,2.09
29/06/2011,2.07
30/06/2011,2.03
01/07/2011,2
04/07/2011,2
05/07/2011,2.01
06/07/2011,2.02
07/07/2011,2
08/07/2011,2.02
11/07/2011,2.04
12/07/2011,2.05
13/07/2011,2.05
14/07/2011,2.04
15/07/2011,2.06
18/07/2011,2.07
19/07/2011,2.07
20/07/2011,2.06
21/07/2011,2.05
22/07/2011,2.04
25/07/2011,2.04
26/07/2011,2.04
27/07/2011,2.03
28/07/2011,2.02
29/07/2011,2.03
31/07/2011,2.04
01/08/2011,2.04
02/08/2011,2.06
03/08/2011,2.06
04/08/2011,2.12
05/08/2011,2.13
08/08/2011,2.29
09/08/2011,2.36
10/08/2011,2.41
11/08/2011,2.49
12/08/2011,2.48
15/08/2011,2.47
16/08/2011,2.48
17/08/2011,2.48
18/08/2011,2.53
19/08/2011,2.56
22/08/2011,2.57
23/08/2011,2.62
24/08/2011,2.65
25/08/2011,2.66
26/08/2011,2.68
29/08/2011,2.69
30/08/2011,2.68
31/08/2011,2.66
01/09/2011,2.65
02/09/2011,2.65
05/09/2011,2.65
06/09/2011,2.69
07/09/2011,2.68
08/09/2011,2.68
09/09/2011,2.72
12/09/2011,2.76
13/09/2011,2.78
14/09/2011,2.79
15/09/2011,2.79
16/09/2011,2.79
19/09/2011,2.83
20/09/2011,2.83
21/09/2011,2.85
22/09/2011,3
23/09/2011,3.05
26/09/2011,3.06
27/09/2011,3.05
28/09/2011,3.05
29/09/2011,3.06
30/09/2011,3.1
03/10/2011,3.16
04/10/2011,3.26
05/10/2011,3.26
06/10/2011,3.22
07/10/2011,3.19
10/10/2011,3.19
11/10/2011,3.14
12/10/2011,3.07
13/10/2011,3.05
14/10/2011,3
17/10/2011,2.99
18/10/2011,2.98
19/10/2011,2.93
20/10/2011,2.91
21/10/2011,2.88
24/10/2011,2.85
25/10/2011,2.83
26/10/2011,2.81
27/10/2011,2.69
28/10/2011,2.68
31/10/2011,2.73
01/11/2011,2.81
02/11/2011,2.8
03/11/2011,2.8
04/11/2011,2.79
07/11/2011,2.8
08/11/2011,2.8
09/11/2011,2.87
10/11/2011,2.88
11/11/2011,2.88
14/11/2011,2.9
15/11/2011,2.93
16/11/2011,2.95
17/11/2011,2.99
18/11/2011,2.99
21/11/2011,3.04
22/11/2011,3.08
23/11/2011,3.11
24/11/2011,3.11
25/11/2011,3.12
28/11/2011,3.12
29/11/2011,3.13
30/11/2011,3.14
01/12/2011,3.13
02/12/2011,3.1
05/12/2011,3.06
06/12/2011,3.05
07/12/2011,3.06
08/12/2011,3.08
09/12/2011,3.09
12/12/2011,3.1
13/12/2011,3.1
14/12/2011,3.11
15/12/2011,3.11
16/12/2011,3.11
19/12/2011,3.11
20/12/2011,3.11
21/12/2011,3.1
22/12/2011,3.09
23/12/2011,3.08
27/12/2011,3.08
28/12/2011,3.08
29/12/2011,3.07
30/12/2011,3.07
31/12/2011,3.15
03/01/2012,3.11
04/01/2012,3.1
05/01/2012,3.09
06/01/2012,3.08
09/01/2012,3.08
10/01/2012,3.06
11/01/2012,3.07
12/01/2012,3.05
13/01/2012,3.05
16/01/2012,3.05
17/01/2012,3.04
18/01/2012,3.02
19/01/2012,2.99
20/01/2012,2.96
23/01/2012,2.93
24/01/2012,2.91
25/01/2012,2.91
26/01/2012,2.88
27/01/2012,2.86
30/01/2012,2.87
31/01/2012,2.87
01/02/2012,2.85
02/02/2012,2.83
03/02/2012,2.79
06/02/2012,2.77
07/02/2012,2.75
08/02/2012,2.73
09/02/2012,2.7
10/02/2012,2.71
13/02/2012,2.7
14/02/2012,2.69
15/02/2012,2.69
16/02/2012,2.69
17/02/2012,2.67
20/02/2012,2.67
21/02/2012,2.65
22/02/2012,2.64
23/02/2012,2.63
24/02/2012,2.61
27/02/2012,2.61
28/02/2012,2.59
29/02/2012,2.55
01/03/2012,2.53
02/03/2012,2.52
05/03/2012,2.51
06/03/2012,2.55
07/03/2012,2.55
08/03/2012,2.53
09/03/2012,2.52
12/03/2012,2.51
13/03/2012,2.49
14/03/2012,2.44
15/03/2012,2.44
16/03/2012,2.42
19/03/2012,2.4
20/03/2012,2.39
21/03/2012,2.39
22/03/2012,2.4
23/03/2012,2.41
26/03/2012,2.41
27/03/2012,2.41
28/03/2012,2.41
29/03/2012,2.42
30/03/2012,2.42
31/03/2012,2.43
02/04/2012,2.44
03/04/2012,2.43
04/04/2012,2.45
05/04/2012,2.47
09/04/2012,2.5
10/04/2012,2.53
11/04/2012,2.55
12/04/2012,2.54
13/04/2012,2.54
16/04/2012,2.54
17/04/2012,2.53
18/04/2012,2.53
19/04/2012,2.54
20/04/2012,2.54
23/04/2012,2.55
24/04/2012,2.55
25/04/2012,2.54
26/04/2012,2.54
27/04/2012,2.54
30/04/2012,2.55
01/05/2012,2.53
02/05/2012,2.53
03/05/2012,2.51
04/05/2012,2.52
07/05/2012,2.53
08/05/2012,2.54
09/05/2012,2.55
10/05/2012,2.55
11/05/2012,2.56
14/05/2012,2.6
15/05/2012,2.61
16/05/2012,2.65
17/05/2012,2.71
18/05/2012,2.76
21/05/2012,2.78
22/05/2012,2.76
23/05/2012,2.79
24/05/2012,2.79
25/05/2012,2.79
28/05/2012,2.78
29/05/2012,2.78
30/05/2012,2.82
31/05/2012,2.85
01/06/2012,2.89
04/06/2012,2.9
05/06/2012,2.9
06/06/2012,2.86
07/06/2012,2.83
08/06/2012,2.83
11/06/2012,2.82
12/06/2012,2.83
13/06/2012,2.83
14/06/2012,2.82
15/06/2012,2.81
18/06/2012,2.81
19/06/2012,2.78
20/06/2012,2.76
21/06/2012,2.75
22/06/2012,2.74
25/06/2012,2.75
26/06/2012,2.75
27/06/2012,2.76
28/06/2012,2.77
29/06/2012,2.73
30/06/2012,2.75
02/07/2012,2.74
03/07/2012,2.72
04/07/2012,2.72
05/07/2012,2.72
06/07/2012,2.71
09/07/2012,2.71
10/07/2012,2.7
11/07/2012,2.69
12/07/2012,2.69
13/07/2012,2.67
16/07/2012,2.65
17/07/2012,2.63
18/07/2012,2.61
19/07/2012,2.59
20/07/2012,2.59
23/07/2012,2.61
24/07/2012,2.63
25/07/2012,2.63
26/07/2012,2.61
27/07/2012,2.56
30/07/2012,2.54
31/07/2012,2.55
01/08/2012,2.53
02/08/2012,2.54
03/08/2012,2.52
06/08/2012,2.5
07/08/2012,2.48
08/08/2012,2.47
09/08/2012,2.46
10/08/2012,2.46
13/08/2012,2.47
14/08/2012,2.44
15/08/2012,2.44
16/08/2012,2.43
17/08/2012,2.43
20/08/2012,2.43
21/08/2012,2.42
22/08/2012,2.43
23/08/2012,2.43
24/08/2012,2.43
27/08/2012,2.43
28/08/2012,2.43
29/08/2012,2.43
30/08/2012,2.44
31/08/2012,2.45
03/09/2012,2.45
04/09/2012,2.44
05/09/2012,2.44
06/09/2012,2.42
07/09/2012,2.4
10/09/2012,2.38
11/09/2012,2.37
12/09/2012,2.35
13/09/2012,2.34
14/09/2012,2.26
17/09/2012,2.24
18/09/2012,2.24
19/09/2012,2.23
20/09/2012,2.23
21/09/2012,2.23
24/09/2012,2.23
25/09/2012,2.24
26/09/2012,2.27
27/09/2012,2.26
28/09/2012,2.25
30/09/2012,2.25
01/10/2012,2.24
02/10/2012,2.23
03/10/2012,2.23
04/10/2012,2.2
05/10/2012,2.17
08/10/2012,2.17
09/10/2012,2.15
10/10/2012,2.15
11/10/2012,2.13
12/10/2012,2.11
15/10/2012,2.08
16/10/2012,2.04
17/10/2012,1.99
18/10/2012,1.97
19/10/2012,1.98
22/10/2012,1.97
23/10/2012,2
24/10/2012,2
25/10/2012,1.99
26/10/2012,2
29/10/2012,2
31/10/2012,2.02
01/11/2012,2.02
02/11/2012,2.02
05/11/2012,2.02
06/11/2012,2.02
07/11/2012,2.06
08/11/2012,2.07
09/11/2012,2.1
12/11/2012,2.1
13/11/2012,2.13
14/11/2012,2.13
15/11/2012,2.15
16/11/2012,2.16
19/11/2012,2.15
20/11/2012,2.15
21/11/2012,2.14
22/11/2012,2.14
23/11/2012,2.14
26/11/2012,2.14
27/11/2012,2.13
28/11/2012,2.14
29/11/2012,2.14
30/11/2012,2.13
03/12/2012,2.13
04/12/2012,2.13
05/12/2012,2.13
06/12/2012,2.12
07/12/2012,2.12
10/12/2012,2.11
11/12/2012,2.11
12/12/2012,2.1
13/12/2012,2.09
14/12/2012,2.08
17/12/2012,2.07
18/12/2012,2.05
19/12/2012,2.04
20/12/2012,2.03
21/12/2012,2.03
24/12/2012,2.03
26/12/2012,2.03
27/12/2012,2.03
28/12/2012,2.03
31/12/2012,2.04
02/01/2013,1.99
03/01/2013,1.96
04/01/2013,1.94
07/01/2013,1.93
08/01/2013,1.93
09/01/2013,1.94
10/01/2013,1.93
11/01/2013,1.93
14/01/2013,1.93
15/01/2013,1.94
16/01/2013,1.94
17/01/2013,1.93
18/01/2013,1.93
21/01/2013,1.93
22/01/2013,1.93
23/01/2013,1.93
24/01/2013,1.93
25/01/2013,1.91
28/01/2013,1.9
29/01/2013,1.91
30/01/2013,1.92
31/01/2013,1.95
01/02/2013,1.95
04/02/2013,1.97
05/02/2013,1.97
06/02/2013,1.98
07/02/2013,1.98
08/02/2013,1.98
11/02/2013,1.97
12/02/2013,1.97
13/02/2013,1.96
14/02/2013,1.96
15/02/2013,1.96
18/02/2013,1.96
19/02/2013,1.96
20/02/2013,1.96
21/02/2013,1.97
22/02/2013,1.96
25/02/2013,1.97
26/02/2013,1.98
27/02/2013,1.98
28/02/2013,1.99
01/03/2013,1.99
04/03/2013,1.99
05/03/2013,1.98
06/03/2013,1.97
07/03/2013,1.96
08/03/2013,1.95
11/03/2013,1.94
12/03/2013,1.94
13/03/2013,1.94
14/03/2013,1.94
15/03/2013,1.94
18/03/2013,1.95
19/03/2013,1.96
20/03/2013,1.96
21/03/2013,1.96
22/03/2013,1.97
25/03/2013,1.96
26/03/2013,1.97
27/03/2013,1.99
28/03/2013,1.99
31/03/2013,2.01
01/04/2013,2.01
02/04/2013,2.01
03/04/2013,2.02
04/04/2013,2.01
05/04/2013,2
08/04/2013,1.99
09/04/2013,1.98
10/04/2013,1.97
11/04/2013,1.96
12/04/2013,1.97
15/04/2013,1.97
16/04/2013,1.97
17/04/2013,1.98
18/04/2013,1.98
19/04/2013,1.98
22/04/2013,1.97
23/04/2013,1.97
24/04/2013,1.96
25/04/2013,1.96
26/04/2013,1.96
29/04/2013,1.95
30/04/2013,1.96
01/05/2013,1.96
02/05/2013,1.95
03/05/2013,1.93
06/05/2013,1.91
07/05/2013,1.9
08/05/2013,1.9
09/05/2013,1.9
10/05/2013,1.89
13/05/2013,1.9
14/05/2013,1.89
15/05/2013,1.89
16/05/2013,1.89
17/05/2013,1.88
20/05/2013,1.88
21/05/2013,1.88
22/05/2013,1.87
23/05/2013,1.88
24/05/2013,1.88
27/05/2013,1.88
28/05/2013,1.87
29/05/2013,1.91
30/05/2013,1.91
31/05/2013,1.95
03/06/2013,1.97
04/06/2013,1.98
05/06/2013,2.03
06/06/2013,2.05
07/06/2013,2.04
10/06/2013,2.04
11/06/2013,2.1
12/06/2013,2.1
13/06/2013,2.1
14/06/2013,2.08
17/06/2013,2.07
18/06/2013,2.09
19/06/2013,2.08
20/06/2013,2.18
21/06/2013,2.18
24/06/2013,2.27
25/06/2013,2.25
26/06/2013,2.24
27/06/2013,2.22
28/06/2013,2.21
30/06/2013,2.21
01/07/2013,2.21
02/07/2013,2.2
03/07/2013,2.21
04/07/2013,2.21
05/07/2013,2.19
08/07/2013,2.19
09/07/2013,2.17
10/07/2013,2.17
11/07/2013,2.16
12/07/2013,2.14
15/07/2013,2.13
16/07/2013,2.11
17/07/2013,2.11
18/07/2013,2.08
19/07/2013,2.07
22/07/2013,2.05
23/07/2013,2.04
24/07/2013,2.04
25/07/2013,2.05
26/07/2013,2.06
29/07/2013,2.06
30/07/2013,2.06
31/07/2013,2.07
01/08/2013,2.04
02/08/2013,2.07
05/08/2013,2.06
06/08/2013,2.07
07/08/2013,2.08
08/08/2013,2.08
09/08/2013,2.08
12/08/2013,2.08
13/08/2013,2.07
14/08/2013,2.07
15/08/2013,2.08
16/08/2013,2.07
19/08/2013,2.08
20/08/2013,2.1
21/08/2013,2.11
22/08/2013,2.1
23/08/2013,2.09
26/08/2013,2.09
27/08/2013,2.11
28/08/2013,2.11
29/08/2013,2.11
02/09/2013,2.1
03/09/2013,2.1
04/09/2013,2.09
05/09/2013,2.08
06/09/2013,2.08
09/09/2013,2.09
10/09/2013,2.08
11/09/2013,2.09
12/09/2013,2.08
13/09/2013,2.08
16/09/2013,2.07
17/09/2013,2.07
18/09/2013,2.1
19/09/2013,2.05
20/09/2013,2.04
23/09/2013,2.05
24/09/2013,2.05
25/09/2013,2.06
26/09/2013,2.05
27/09/2013,2.07
30/09/2013,2.09
01/10/2013,2.08
02/10/2013,2.08
03/10/2013,2.08
04/10/2013,2.06
07/10/2013,2.06
08/10/2013,2.05
09/10/2013,2.05
10/10/2013,2.03
11/10/2013,2.02
14/10/2013,2.02
15/10/2013,2
16/10/2013,2
17/10/2013,1.99
18/10/2013,1.97
21/10/2013,1.96
22/10/2013,1.96
23/10/2013,1.95
24/10/2013,1.95
25/10/2013,1.95
28/10/2013,1.95
29/10/2013,1.94
30/10/2013,1.95
31/10/2013,1.94
01/11/2013,1.93
04/11/2013,1.94
05/11/2013,1.95
06/11/2013,1.96
07/11/2013,1.96
08/11/2013,1.96
11/11/2013,1.96
12/11/2013,1.97
13/11/2013,1.97
14/11/2013,1.97
15/11/2013,1.96
18/11/2013,1.94
19/11/2013,1.93
20/11/2013,1.93
21/11/2013,1.93
22/11/2013,1.92
25/11/2013,1.92
26/11/2013,1.92
27/11/2013,1.91
28/11/2013,1.91
29/11/2013,1.91
30/11/2013,1.91
02/12/2013,1.89
03/12/2013,1.9
04/12/2013,1.89
05/12/2013,1.88
06/12/2013,1.87
09/12/2013,1.86
10/12/2013,1.86
11/12/2013,1.85
12/12/2013,1.84
13/12/2013,1.83
16/12/2013,1.82
17/12/2013,1.81
18/12/2013,1.8
19/12/2013,1.78
20/12/2013,1.76
23/12/2013,1.76
24/12/2013,1.75
26/12/2013,1.75
27/12/2013,1.74
30/12/2013,1.73
31/12/2013,1.74
02/01/2014,1.74
03/01/2014,1.73
06/01/2014,1.72
07/01/2014,1.71
08/01/2014,1.71
09/01/2014,1.71
10/01/2014,1.72
13/01/2014,1.72
14/01/2014,1.71
15/01/2014,1.7
16/01/2014,1.69
17/01/2014,1.69
20/01/2014,1.69
21/01/2014,1.68
22/01/2014,1.68
23/01/2014,1.71
24/01/2014,1.74
27/01/2014,1.74
28/01/2014,1.74
29/01/2014,1.76
30/01/2014,1.76
31/01/2014,1.78
03/02/2014,1.8
04/02/2014,1.8
05/02/2014,1.78
06/02/2014,1.77
07/02/2014,1.76
10/02/2014,1.75
11/02/2014,1.74
12/02/2014,1.73
13/02/2014,1.72
14/02/2014,1.71
17/02/2014,1.7
18/02/2014,1.7
19/02/2014,1.7
20/02/2014,1.69
21/02/2014,1.69
24/02/2014,1.68
25/02/2014,1.67
26/02/2014,1.68
27/02/2014,1.68
28/02/2014,1.66
03/03/2014,1.69
04/03/2014,1.67
05/03/2014,1.66
06/03/2014,1.66
07/03/2014,1.65
10/03/2014,1.66
11/03/2014,1.66
12/03/2014,1.69
13/03/2014,1.7
14/03/2014,1.71
17/03/2014,1.7
18/03/2014,1.69
19/03/2014,1.65
20/03/2014,1.65
21/03/2014,1.65
24/03/2014,1.64
25/03/2014,1.64
26/03/2014,1.63
27/03/2014,1.62
28/03/2014,1.6
31/03/2014,1.61
01/04/2014,1.59
02/04/2014,1.58
03/04/2014,1.57
04/04/2014,1.57
07/04/2014,1.57
08/04/2014,1.57
09/04/2014,1.57
10/04/2014,1.57
11/04/2014,1.58
14/04/2014,1.57
15/04/2014,1.57
16/04/2014,1.57
17/04/2014,1.55
21/04/2014,1.54
22/04/2014,1.54
23/04/2014,1.54
24/04/2014,1.54
25/04/2014,1.54
28/04/2014,1.55
29/04/2014,1.54
30/04/2014,1.54
01/05/2014,1.55
02/05/2014,1.54
05/05/2014,1.54
06/05/2014,1.53
07/05/2014,1.53
08/05/2014,1.52
09/05/2014,1.52
12/05/2014,1.52
13/05/2014,1.51
14/05/2014,1.52
15/05/2014,1.52
16/05/2014,1.52
19/05/2014,1.51
20/05/2014,1.52
21/05/2014,1.52
22/05/2014,1.51
23/05/2014,1.51
26/05/2014,1.51
27/05/2014,1.5
28/05/2014,1.51
29/05/2014,1.49
30/05/2014,1.49
31/05/2014,1.5
02/06/2014,1.49
03/06/2014,1.49
04/06/2014,1.49
05/06/2014,1.49
06/06/2014,1.46
09/06/2014,1.45
10/06/2014,1.44
11/06/2014,1.45
12/06/2014,1.46
13/06/2014,1.45
16/06/2014,1.45
17/06/2014,1.45
18/06/2014,1.45
19/06/2014,1.44
20/06/2014,1.44
23/06/2014,1.43
24/06/2014,1.42
25/06/2014,1.43
26/06/2014,1.43
27/06/2014,1.43
30/06/2014,1.44
01/07/2014,1.44
02/07/2014,1.43
03/07/2014,1.43
04/07/2014,1.43
07/07/2014,1.43
08/07/2014,1.43
09/07/2014,1.43
10/07/2014,1.44
11/07/2014,1.44
14/07/2014,1.43
15/07/2014,1.43
16/07/2014,1.43
17/07/2014,1.45
18/07/2014,1.45
21/07/2014,1.46
22/07/2014,1.46
23/07/2014,1.46
24/07/2014,1.45
25/07/2014,1.45
28/07/2014,1.45
29/07/2014,1.46
30/07/2014,1.45
31/07/2014,1.47
01/08/2014,1.5
04/08/2014,1.51
05/08/2014,1.52
06/08/2014,1.53
07/08/2014,1.54
08/08/2014,1.54
11/08/2014,1.54
12/08/2014,1.53
13/08/2014,1.53
14/08/2014,1.53
15/08/2014,1.53
18/08/2014,1.52
19/08/2014,1.51
20/08/2014,1.51
21/08/2014,1.5
22/08/2014,1.49
25/08/2014,1.49
26/08/2014,1.49
27/08/2014,1.49
28/08/2014,1.49
29/08/2014,1.5
31/08/2014,1.5
01/09/2014,1.5
02/09/2014,1.49
03/09/2014,1.48
04/09/2014,1.48
05/09/2014,1.48
08/09/2014,1.48
09/09/2014,1.48
10/09/2014,1.5
11/09/2014,1.5
12/09/2014,1.51
15/09/2014,1.51
16/09/2014,1.52
17/09/2014,1.52
18/09/2014,1.51
19/09/2014,1.5
22/09/2014,1.5
23/09/2014,1.51
24/09/2014,1.52
25/09/2014,1.54
26/09/2014,1.55
29/09/2014,1.58
30/09/2014,1.59
01/10/2014,1.61
02/10/2014,1.61
03/10/2014,1.6
06/10/2014,1.6
07/10/2014,1.6
08/10/2014,1.63
09/10/2014,1.63
10/10/2014,1.64
13/10/2014,1.64
14/10/2014,1.66
15/10/2014,1.7
16/10/2014,1.71
17/10/2014,1.69
20/10/2014,1.69
21/10/2014,1.69
22/10/2014,1.68
23/10/2014,1.68
24/10/2014,1.68
27/10/2014,1.68
28/10/2014,1.68
29/10/2014,1.67
30/10/2014,1.67
31/10/2014,1.67
03/11/2014,1.68
04/11/2014,1.69
05/11/2014,1.7
06/11/2014,1.7
07/11/2014,1.72
10/11/2014,1.71
11/11/2014,1.71
12/11/2014,1.73
13/11/2014,1.73
14/11/2014,1.76
17/11/2014,1.78
18/11/2014,1.79
19/11/2014,1.79
20/11/2014,1.8
21/11/2014,1.78
24/11/2014,1.78
25/11/2014,1.78
