DATE,REAL_PRICE,REAL_EARNINGS,REAL_DIVIDENDS,MA(10)_OF_EARNINGS,CUMULATIVE_RETURN
1871,85.22,7.68,4.99,NA,1
1871.08,83.81,7.45,4.84,NA,0.99
1871.17,84.61,7.34,4.77,NA,1
1871.25,90.29,7.62,4.95,NA,1.07
1871.33,94.73,7.8,5.07,NA,1.13
1871.42,95.43,7.92,5.15,NA,1.15
1871.5,93.64,7.92,5.15,NA,1.13
1871.58,96.35,8.05,5.23,NA,1.17
1871.67,95.07,7.86,5.11,NA,1.16
1871.75,88.78,7.74,5.03,NA,1.09
1871.83,89.74,7.74,5.03,NA,1.1
1871.92,89.61,7.56,4.92,NA,1.11
1872,91.88,7.61,4.98,NA,1.14
1872.08,92.26,7.66,5.04,NA,1.15
1872.17,93.87,7.59,5.03,NA,1.17
1872.25,94.38,7.47,4.98,NA,1.19
1872.33,94.38,7.52,5.04,NA,1.19
1872.42,94.15,7.62,5.14,NA,1.19
1872.5,94.99,7.78,5.28,NA,1.21
1872.58,93.18,7.76,5.3,NA,1.19
1872.67,90.85,7.75,5.32,NA,1.17
1872.75,93.26,7.97,5.5,NA,1.21
1872.83,90.19,7.79,5.41,NA,1.17
1872.92,93.73,7.95,5.55,NA,1.22
1873,94.47,8,5.59,NA,1.24
1873.08,93.16,7.87,5.52,NA,1.23
1873.17,92.43,7.91,5.56,NA,1.22
1873.25,91.17,7.96,5.61,NA,1.21
1873.33,93.36,8.18,5.78,NA,1.25
1873.42,94.86,8.48,6,NA,1.28
1873.5,94.67,8.52,6.05,NA,1.28
1873.58,94.67,8.57,6.1,NA,1.29
1873.67,87.43,8.62,6.14,NA,1.2
1873.75,81.67,8.87,6.33,NA,1.12
1873.83,81.26,9.2,6.59,NA,1.13
1873.92,86.82,9.04,6.48,NA,1.21
1874,90.13,8.9,6.38,NA,1.26
1874.08,92.84,8.9,6.38,NA,1.31
1874.17,91.48,8.9,6.38,NA,1.3
1874.25,90.36,9.04,6.48,NA,1.29
1874.33,88.7,9.11,6.53,NA,1.27
1874.42,90.44,9.33,6.69,NA,1.31
1874.5,89.71,9.25,6.64,NA,1.3
1874.58,90.64,9.33,6.69,NA,1.33
1874.67,92.06,9.33,6.69,NA,1.35
1874.75,93.36,9.48,6.8,NA,1.38
1874.83,94.96,9.56,6.86,NA,1.41
1874.92,94.34,9.56,6.86,NA,1.41
1875,94.34,9.39,6.81,NA,1.42
1875.08,94.13,9.21,6.75,NA,1.43
1875.17,95.38,9.04,6.7,NA,1.46
1875.25,95.83,8.79,6.6,NA,1.47
1875.33,94.45,8.84,6.71,NA,1.46
1875.42,94.13,8.81,6.77,NA,1.46
1875.5,94.34,8.63,6.72,NA,1.47
1875.58,93.97,8.38,6.61,NA,1.48
1875.67,93.91,8.27,6.61,NA,1.48
1875.75,92.41,8.1,6.55,NA,1.47
1875.83,94.72,7.98,6.56,NA,1.51
1875.92,95.55,7.87,6.56,NA,1.54
1876,98.37,7.79,6.62,NA,1.59
1876.08,99.69,7.65,6.62,NA,1.62
1876.17,99.47,7.5,6.62,NA,1.63
1876.25,96.57,7.42,6.68,NA,1.59
1876.33,96.42,7.54,6.92,NA,1.59
1876.42,98.44,7.59,7.12,NA,1.64
1876.5,97.25,7.43,7.12,NA,1.63
1876.58,92.35,7.21,7.05,NA,1.56
1876.67,85.91,6.98,6.98,NA,1.46
1876.75,83.89,6.7,6.86,NA,1.43
1876.83,81.55,6.49,6.8,NA,1.4
1876.92,79.66,6.23,6.68,NA,1.38
1877,77.62,6.16,6.36,NA,1.35
1877.08,74.98,6.36,6.32,NA,1.32
1877.17,74.49,6.7,6.4,NA,1.32
1877.25,67.2,6.55,6.02,NA,1.2
1877.33,66,6.47,5.71,NA,1.18
1877.42,64.76,6.88,5.81,NA,1.17
1877.5,66.97,6.85,5.54,NA,1.22
1877.58,74.45,7.16,5.53,NA,1.36
1877.67,79.87,7.27,5.36,NA,1.47
1877.75,81.59,7.31,5.13,NA,1.51
1877.83,81.97,7.5,5.01,NA,1.53
1877.92,81.72,7.54,4.78,NA,1.53
1878,84.24,7.8,4.9,NA,1.58
1878.08,83.29,7.9,4.93,NA,1.57
1878.17,86.66,8.09,5.02,NA,1.64
1878.25,90.03,8.2,5.05,NA,1.72
1878.33,93.31,8.5,5.19,NA,1.79
1878.42,97.43,8.71,5.29,NA,1.87
1878.5,98.31,8.64,5.2,NA,1.9
1878.58,96.38,8.57,5.12,NA,1.87
1878.67,98.34,8.59,5.1,NA,1.92
1878.75,98.31,8.71,5.13,NA,1.92
1878.83,99.14,8.83,5.17,NA,1.95
1878.92,100.87,9.06,5.26,NA,1.99
1879,103.46,9.13,5.25,NA,2.05
1879.08,106,9.19,5.24,NA,2.11
1879.17,105.49,9.46,5.35,NA,2.11
1879.25,110.22,9.74,5.46,NA,2.21
1879.33,115.19,9.92,5.51,NA,2.32
1879.42,117.14,10.21,5.62,NA,2.37
1879.5,118.12,10.26,5.6,NA,2.4
1879.58,118.99,10.43,5.65,NA,2.43
1879.67,119.22,10.24,5.51,NA,2.44
1879.75,125.18,9.85,5.26,NA,2.57
1879.83,125.21,9.5,5.04,NA,2.58
1879.92,121.28,9.37,4.93,NA,2.51
1880,122.36,9.32,4.91,NA,2.54
1880.08,124.52,9.54,5.03,NA,2.59
1880.17,125.72,9.67,5.1,NA,2.63
1880.25,127.69,10.27,5.42,NA,2.68
1880.33,121.15,10.81,5.71,NA,2.55
1880.42,124.16,11.28,5.96,NA,2.62
1880.5,129.87,11.51,6.09,NA,2.76
1880.58,134.53,11.75,6.22,NA,2.87
1880.67,132.9,11.87,6.29,NA,2.84
1880.75,136.75,12.1,6.41,NA,2.94
1880.83,142.48,12.21,6.48,NA,3.07
1880.92,146.84,12.32,6.54,NA,3.18
1881,157.21,12.34,6.73,8.51,3.41
1881.08,155.13,12.11,6.79,8.55,3.38
1881.17,156.89,12.01,6.91,8.59,3.43
1881.25,154.84,11.78,6.97,8.63,3.4
1881.33,163.43,11.8,7.17,8.66,3.6
1881.42,165.44,11.69,7.29,8.69,3.66
1881.5,158.08,11.47,7.34,8.73,3.51
1881.58,151.35,11.15,7.32,8.76,3.37
1881.67,146.87,10.63,7.17,8.78,3.29
1881.75,143.18,10.44,7.22,8.8,3.22
1881.83,145.46,10.44,7.4,8.83,3.28
1881.92,141.23,10.34,7.52,8.85,3.2
1882,139.11,10.32,7.52,8.87,3.17
1882.08,134.8,10.2,7.45,8.9,3.08
1882.17,134.56,10.19,7.45,8.92,3.09
1882.25,133.33,10.07,7.38,8.94,3.08
1882.33,130.52,9.96,7.31,8.96,3.03
1882.42,128.66,9.85,7.25,8.98,3
1882.5,137.15,9.92,7.31,9,3.21
1882.58,139.99,9.82,7.25,9.02,3.29
1882.67,145.27,10.07,7.45,9.03,3.43
1882.75,142.64,10.14,7.52,9.05,3.38
1882.83,137.81,10.22,7.59,9.07,3.28
1882.92,139.84,10.3,7.66,9.09,3.35
1883,139.13,10.24,7.68,9.11,3.34
1883.08,134.73,10.08,7.63,9.13,3.25
1883.17,137.69,10.12,7.72,9.15,3.34
1883.25,141.92,10.15,7.82,9.17,3.46
1883.33,140.85,10.19,7.91,9.18,3.45
1883.42,146.33,10.43,8.17,9.2,3.6
1883.5,147.01,10.58,8.36,9.22,3.63
1883.58,140.34,10.52,8.38,9.23,3.49
1883.67,143.34,10.56,8.49,9.25,3.58
1883.75,139.46,10.5,8.51,9.27,3.5
1883.83,143,10.54,8.62,9.28,3.61
1883.92,138.42,10.37,8.55,9.29,3.51
1884,134.27,10.17,8.51,9.3,3.42
1884.08,137.9,9.98,8.47,9.31,3.53
1884.17,137.38,9.79,8.42,9.32,3.54
1884.25,133.92,9.79,8.56,9.33,3.47
1884.33,125.72,9.8,8.7,9.34,3.27
1884.42,120.58,9.6,8.65,9.34,3.16
1884.5,121.89,9.5,8.7,9.34,3.21
1884.58,129.54,9.29,8.66,9.35,3.43
1884.67,126.82,9.19,8.7,9.35,3.38
1884.75,124.04,9.08,8.75,9.35,3.32
1884.83,124.29,9.07,8.91,9.34,3.35
1884.92,125.43,8.96,8.96,9.34,3.4
1885,122.54,8.86,8.79,9.33,3.34
1885.08,124.86,8.67,8.52,9.33,3.43
1885.17,128.06,8.77,8.55,9.32,3.53
1885.25,126.3,8.57,8.29,9.32,3.5
1885.33,127.79,8.68,8.31,9.32,3.56
1885.42,130.26,8.79,8.33,9.32,3.65
1885.5,133.5,8.58,8.06,9.32,3.76
1885.58,140.98,8.48,7.88,9.32,3.99
1885.67,140.86,8.48,7.8,9.32,4.01
1885.75,149.04,8.38,7.62,9.32,4.26
1885.83,156.85,8.18,7.36,9.32,4.5
1885.92,152.03,7.89,7.02,9.32,4.38
1886,155.65,8.23,7.13,9.32,4.5
1886.08,158.64,8.38,7.09,9.33,4.6
1886.17,157.22,8.63,7.12,9.33,4.58
1886.25,156.99,8.89,7.15,9.34,4.59
1886.33,157.78,9.27,7.28,9.36,4.63
1886.42,167.09,9.55,7.32,9.37,4.92
1886.5,167.52,9.59,7.18,9.39,4.95
1886.58,166.69,9.62,7.04,9.4,4.94
1886.67,171.04,9.78,6.98,9.43,5.09
1886.75,175.38,9.93,6.93,9.45,5.23
1886.83,179.73,10.09,6.88,9.48,5.38
1886.92,172.94,10.12,6.75,9.51,5.2
1887,167.02,9.95,6.66,9.54,5.03
1887.08,163.88,9.91,6.66,9.57,4.96
1887.17,167.72,9.98,6.73,9.6,5.09
1887.25,171.57,10.06,6.8,9.63,5.22
1887.33,174.53,10.13,6.88,9.66,5.33
1887.42,171.51,10.33,7.03,9.69,5.26
1887.5,169.34,10.53,7.19,9.71,5.21
1887.58,163.13,10.48,7.18,9.75,5.04
1887.67,162.98,10.68,7.35,9.77,5.05
1887.75,155.65,10.63,7.33,9.8,4.84
1887.83,156.78,10.58,7.32,9.83,4.9
1887.92,152.31,10.4,7.23,9.85,4.78
1888,151.72,10.05,7.09,9.88,4.78
1888.08,152.59,9.92,7.13,9.9,4.82
1888.17,146.81,9.68,7.08,9.91,4.66
1888.25,149.11,9.55,7.11,9.93,4.75
1888.33,152.93,9.42,7.15,9.94,4.89
1888.42,149.96,9.28,7.18,9.95,4.81
1888.5,152.04,8.92,7.05,9.95,4.9
1888.58,155.3,8.68,7,9.95,5.02
1888.67,159.14,8.43,6.95,9.95,5.17
1888.75,156.42,8.09,6.82,9.95,5.1
1888.83,151.44,7.75,6.7,9.95,4.95
1888.92,148.55,7.51,6.65,9.94,4.88
1889,156.85,7.88,6.86,9.93,5.17
1889.08,160.55,8.08,6.92,9.92,5.31
1889.17,159.14,8.28,6.98,9.91,5.28
1889.25,158.83,8.38,6.95,9.9,5.29
1889.33,167.2,8.7,7.1,9.88,5.59
1889.42,170.03,8.8,7.07,9.87,5.7
1889.5,166.58,8.9,7.05,9.86,5.61
1889.58,168.78,9.01,7.02,9.85,5.7
1889.67,170.73,9,6.91,9.84,5.79
1889.75,167.62,9.1,6.88,9.83,5.7
1889.83,166.07,9.21,6.85,9.82,5.67
1889.92,163.13,9.2,6.75,9.82,5.58
1890,169.09,9.4,6.91,9.82,5.81
1890.08,167.2,9.38,6.91,9.82,5.76
1890.17,165.95,9.35,6.91,9.82,5.74
1890.25,169.4,9.33,6.91,9.82,5.88
1890.33,174.45,9.18,6.83,9.81,6.07
1890.42,173.21,9.16,6.83,9.79,6.05
1890.5,171.97,9.13,6.83,9.78,6.03
1890.58,161.94,8.78,6.59,9.76,5.7
1890.67,157.37,8.65,6.51,9.73,5.55
1890.75,150.27,8.63,6.51,9.71,5.32
1890.83,142.68,8.81,6.66,9.68,5.07
1890.92,139.35,8.79,6.66,9.65,4.97
1891,148.41,9.02,6.75,9.62,5.32
1891.08,148.44,9.04,6.66,9.59,5.34
1891.17,143.98,9.05,6.59,9.57,5.2
1891.25,147.02,9.07,6.51,9.54,5.33
1891.33,148.17,9.3,6.59,9.52,5.39
1891.42,148.71,9.66,6.75,9.5,5.43
1891.5,148.07,9.91,6.83,9.48,5.43
1891.58,153.03,10.04,6.83,9.47,5.63
1891.67,167.52,10.29,6.91,9.46,6.18
1891.75,167.52,10.43,6.91,9.46,6.2
1891.83,167.09,10.69,7,9.46,6.21
1891.92,172.18,10.82,7,9.46,6.42
1892,179.92,11.18,7.24,9.46,6.73
1892.08,180.25,11.27,7.29,9.47,6.77
1892.17,187.07,11.65,7.54,9.48,7.05
1892.25,189.26,11.89,7.7,9.49,7.15
1892.33,189.26,11.98,7.76,9.5,7.18
1892.42,188.24,12.06,7.81,9.52,7.16
1892.5,183.28,11.83,7.67,9.54,7
1892.58,183.51,11.76,7.62,9.56,7.03
1892.67,178.94,11.84,7.67,9.57,6.88
1892.75,182.53,11.92,7.73,9.59,7.05
1892.83,177.28,11.7,7.58,9.6,6.87
1892.92,173.18,11.63,7.54,9.61,6.73
1893,169.95,10.93,7.29,9.63,6.63
1893.08,164.93,10.53,7.23,9.63,6.46
1893.17,162.82,10.5,7.44,9.63,6.4
1893.25,164.83,10.35,7.55,9.64,6.5
1893.33,152.12,10.19,7.68,9.64,6.03
1893.42,148.6,10.15,7.9,9.64,5.91
1893.5,138.29,10.12,8.13,9.64,5.53
1893.58,140.53,10.22,8.5,9.63,5.65
1893.67,144.57,9.51,8.19,9.63,5.84
1893.75,146.94,9.09,8.11,9.62,5.96
1893.83,153.21,9.02,8.35,9.61,6.24
1893.92,149.84,8.83,8.49,9.6,6.14
1894,150.86,8.79,8.62,9.58,6.21
1894.08,155.11,8.62,8.62,9.57,6.41
1894.17,164.34,8.56,8.75,9.56,6.82
1894.25,166.53,8.26,8.63,9.55,6.94
1894.33,160.33,7.95,8.5,9.54,6.71
1894.42,158.15,7.65,8.38,9.52,6.65
1894.5,154.87,7.35,8.26,9.51,6.54
1894.58,156.17,6.85,7.91,9.49,6.63
1894.67,156.45,6.46,7.68,9.47,6.67
1894.75,155.89,6.35,7.78,9.45,6.67
1894.83,155.89,6.05,7.66,9.42,6.7
1894.92,156.69,5.83,7.65,9.4,6.76
1895,154.87,6.1,7.59,9.37,6.71
1895.08,152.68,6.38,7.53,9.35,6.64
1895.17,152.68,6.65,7.47,9.33,6.67
1895.25,152.61,6.64,7.1,9.31,6.69
1895.33,158.78,6.8,6.95,9.3,6.99
1895.42,159.69,6.97,6.8,9.28,7.05
1895.5,162.57,7.32,6.83,9.27,7.2
1895.58,167.27,7.68,6.87,9.25,7.44
1895.67,168.32,7.94,6.81,9.25,7.51
1895.75,165.88,8.21,6.75,9.24,7.42
1895.83,160.29,8.47,6.69,9.24,7.2
1895.92,152.99,8.85,6.73,9.24,6.9
1896,153.38,8.86,6.8,9.25,6.94
1896.08,162.16,8.87,6.86,9.26,7.36
1896.17,159.61,8.75,6.83,9.26,7.27
1896.25,163.43,8.75,6.9,9.26,7.47
1896.33,165.12,8.76,6.97,9.26,7.58
1896.42,164.58,8.76,7.05,9.26,7.58
1896.5,153.91,8.64,7.02,9.25,7.11
1896.58,145.15,8.51,6.98,9.24,6.74
1896.67,152.77,8.38,6.95,9.23,7.12
1896.75,151.6,8.01,6.72,9.22,7.09
1896.83,157.33,7.66,6.49,9.21,7.38
1896.92,151.58,7.54,6.47,9.19,7.14
1897,156.04,8.07,6.66,9.16,7.37
1897.08,154.56,8.38,6.66,9.15,7.33
1897.17,154.93,8.69,6.66,9.14,7.37
1897.25,152.36,9.13,6.75,9.13,7.28
1897.33,155.43,9.59,6.86,9.12,7.45
1897.42,162.67,9.9,6.86,9.11,7.83
1897.5,169.91,10.22,6.86,9.11,8.2
1897.58,173.09,10.08,6.56,9.11,8.38
1897.67,176.36,10.09,6.37,9.1,8.57
1897.75,173.13,10.54,6.47,9.1,8.44
1897.83,167.02,10.84,6.47,9.1,8.16
1897.92,170.62,11.13,6.47,9.1,8.37
1898,175.29,11.25,6.53,9.11,8.62
1898.08,172.46,11.22,6.49,9.12,8.51
1898.17,164.67,11.33,6.55,9.13,8.15
1898.25,161.84,11.45,6.61,9.14,8.04
1898.33,161.12,10.81,6.23,9.16,8.03
1898.42,179.19,11.69,6.73,9.17,8.96
1898.5,182.47,11.97,6.89,9.19,9.15
1898.58,189.29,12.09,6.94,9.21,9.52
1898.67,188.94,12.21,7,9.24,9.53
1898.75,184.98,12.33,7.07,9.27,9.36
1898.83,191.09,12.45,7.12,9.31,9.7
1898.92,200.09,12.39,7.08,9.35,10.19
1899,215.31,12.78,7.11,9.39,10.99
1899.08,217.34,12.8,6.95,9.43,11.13
1899.17,220.44,13.17,6.97,9.47,11.32
1899.25,220.18,13.36,6.91,9.51,11.33
1899.33,211,13.73,6.94,9.55,10.89
1899.42,203.49,13.91,6.87,9.59,10.53
1899.5,207.76,14.09,6.81,9.64,10.78
1899.58,210.29,14.26,6.75,9.68,10.94
1899.67,200.2,14.06,6.52,9.72,10.45
1899.75,196.8,14.23,6.47,9.77,10.3
1899.83,198.08,14.39,6.41,9.81,10.39
1899.92,182.37,14.54,6.36,9.85,9.59
1900,184.79,14.54,6.59,9.9,9.75
1900.08,185.88,14.37,6.73,9.94,9.84
1900.17,187.38,14.37,6.96,9.98,9.95
1900.25,189.77,14.37,7.18,10.02,10.11
1900.33,185.2,14.72,7.59,10.06,9.9
1900.42,181.9,14.9,7.92,10.11,9.76
1900.5,179.68,14.72,8.05,10.16,9.67
1900.58,184.39,14.9,8.38,10.2,9.96
1900.67,177.84,14.72,8.51,10.26,9.65
1900.75,186.56,14.9,8.85,10.31,10.16
1900.83,201.15,14.9,9.08,10.36,11
1900.92,215.92,15.09,9.43,10.41,11.85
1901,219.46,14.95,9.37,10.46,12.09
1901.08,227.86,15.19,9.53,10.51,12.59
1901.17,236.03,15.24,9.59,10.56,13.09
1901.25,259.07,15.49,9.76,10.61,14.41
1901.33,246.02,15.54,9.81,10.67,13.73
1901.42,270.53,15.6,9.87,10.72,15.14
1901.5,249.23,15.45,9.8,10.77,14
1901.58,249.57,15.31,9.73,10.81,14.06
1901.67,245.3,15.18,9.66,10.86,13.87
1901.75,242.54,15.23,9.71,10.9,13.76
1901.83,244.77,15.1,9.64,10.94,13.93
1901.92,237.96,14.97,9.58,10.98,13.59
1902,245.98,15.47,9.72,11.01,14.09
1902.08,248.1,15.8,9.75,11.05,14.26
1902.17,248.41,16.13,9.77,11.08,14.32
1902.25,253.83,16.26,9.68,11.12,14.68
1902.33,250.25,16.39,9.59,11.16,14.52
1902.42,245.88,16.52,9.5,11.19,14.31
1902.5,251.43,16.83,9.53,11.23,14.68
1902.58,261.2,17.35,9.66,11.27,15.3
1902.67,258.74,17.47,9.57,11.32,15.2
1902.75,234.22,16.62,8.97,11.37,13.8
1902.83,232.79,17.49,9.3,11.41,13.77
1902.92,224.89,17.6,9.22,11.45,13.35
1903,233.75,17.18,9.16,11.5,13.92
1903.08,232.37,16.95,9.21,11.56,13.88
1903.17,230.86,17.29,9.57,11.61,13.84
1903.25,221.43,17.05,9.62,11.67,13.32
1903.33,222.2,17.2,9.89,11.72,13.42
1903.42,209.92,16.96,9.94,11.78,12.72
1903.5,200.27,16.71,9.99,11.84,12.19
1903.58,193.84,16.47,10.04,11.89,11.85
1903.67,186.99,16.04,9.97,11.94,11.48
1903.75,183.02,15.98,10.14,12,11.29
1903.83,185.77,15.92,10.3,12.06,11.51
1903.92,194.34,15.68,10.35,12.11,12.1
1904,193.06,15.22,10.02,12.17,12.07
1904.08,183.63,14.78,9.7,12.22,11.53
1904.17,185.15,14.86,9.71,12.28,11.68
1904.25,191.9,14.93,9.73,12.33,12.15
1904.33,192.27,15.18,9.86,12.38,12.23
1904.42,192.57,15.09,9.76,12.44,12.3
1904.5,200.56,14.99,9.66,12.51,12.86
1904.58,204.95,14.71,9.45,12.57,13.19
1904.67,211.55,14.45,9.25,12.64,13.67
1904.75,223.98,14.35,9.15,12.7,14.52
1904.83,230.81,13.94,8.85,12.77,15.01
1904.92,233.07,13.84,8.76,12.83,15.21
1905,238.16,14.27,8.81,12.9,15.58
1905.08,248.61,14.69,8.85,12.97,16.32
1905.17,258.58,15.29,9,13.04,17.02
1905.25,255.43,15.71,9.05,13.11,16.86
1905.33,245.65,16.33,9.2,13.19,16.27
1905.42,248.54,16.76,9.25,13.27,16.51
1905.5,256.35,17.2,9.3,13.35,17.08
1905.58,262.86,17.43,9.24,13.43,17.57
1905.67,266.75,18.06,9.39,13.51,17.88
1905.75,270.51,18.5,9.44,13.6,18.18
1905.83,266.01,18.71,9.38,13.68,17.93
1905.92,269.52,18.93,9.32,13.77,18.22
1906,278.84,19.14,9.49,13.85,18.91
1906.08,276.86,19.35,9.65,13.94,18.83
1906.17,270.08,19.56,9.82,14.02,18.42
1906.25,266.41,19.78,9.98,14.11,18.23
1906.33,256.46,19.77,10.04,14.21,17.6
1906.42,259.82,19.98,10.2,14.3,17.89
1906.5,261.84,20.88,10.72,14.39,18.09
1906.58,274.88,20.62,10.64,14.49,19.06
1906.67,280.21,20.6,10.69,14.59,19.49
1906.75,265.92,20.36,10.61,14.7,18.55
1906.83,268.47,20.34,10.66,14.8,18.79
1906.92,263.2,20.33,10.7,14.9,18.49
1907,258.46,20.32,10.9,15.01,18.22
1907.08,245.08,19.67,10.76,15.11,17.34
1907.17,223.35,19.66,10.97,15.21,15.87
1907.25,224.42,19.44,11.06,15.3,16.01
1907.33,212.15,18.81,10.91,15.38,15.2
1907.42,203.22,18.4,10.89,15.46,14.62
1907.5,211,18.19,10.97,15.53,15.25
1907.58,195.19,17.97,11.06,15.6,14.17
1907.67,193.11,17.76,11.15,15.66,14.09
1907.75,170.36,17.36,11.12,15.73,12.5
1907.83,167.18,17.88,11.68,15.78,12.33
1907.92,179.56,18.04,12.03,15.84,13.32
1908,189.27,18.05,12.07,15.9,14.12
1908.08,184.39,18.07,12.11,15.96,13.83
1908.17,191.93,17.88,12.01,16.01,14.47
1908.25,200.04,17.5,11.79,16.07,15.15
1908.33,210.82,17.32,11.7,16.12,16.04
1908.42,211.09,17.13,11.6,16.17,16.14
1908.5,216.45,16.76,11.39,16.22,16.62
1908.58,225.74,16.58,11.3,16.26,17.41
1908.67,223.28,16.4,11.21,16.3,17.29
1908.75,223.59,16.04,11,16.33,17.38
1908.83,236.19,15.69,10.79,16.36,18.43
1908.92,239,15.35,10.59,16.39,18.72
1909,242.34,15.92,10.79,16.41,19.05
1909.08,232.91,16.14,10.76,16.44,18.38
1909.17,236.08,16.54,10.85,16.47,18.7
1909.25,241.59,16.59,10.71,16.5,19.21
1909.33,247.07,16.81,10.69,16.52,19.72
1909.42,248.89,17.02,10.67,16.55,19.93
1909.5,252.45,17.4,10.75,16.57,20.29
1909.58,255.96,17.6,10.73,16.6,20.64
1909.67,253.68,17.8,10.7,16.63,20.53
1909.75,249.73,17.82,10.58,16.66,20.28
1909.83,246.12,18.01,10.56,16.69,20.06
1909.92,246.64,18.2,10.54,16.72,20.18
1910,243.7,18.31,10.7,16.75,20.01
1910.08,234.99,18.25,10.76,16.78,19.37
1910.17,236.25,17.85,10.61,16.82,19.54
1910.25,228.41,17.62,10.57,16.84,18.97
1910.33,228.92,17.9,10.84,16.87,19.09
1910.42,220,18.01,11,16.9,18.42
1910.5,208.88,17.95,11.06,16.92,17.57
1910.58,216.04,18.06,11.23,16.95,18.25
1910.67,219.64,18.18,11.4,16.98,18.63
1910.75,236.7,18.67,11.81,17.01,20.16
1910.83,241.33,18.99,12.12,17.04,20.64
1910.92,234.59,18.92,12.18,17.07,20.15
1911,240.29,18.62,12.18,17.1,20.73
1911.08,252.24,18.9,12.57,17.13,21.85
1911.17,246.67,18.39,12.44,17.16,21.46
1911.25,253.62,18.67,12.84,17.19,22.15
1911.33,259.09,18.36,12.84,17.22,22.73
1911.42,264.28,18.04,12.84,17.24,23.27
1911.5,260.36,17.53,12.71,17.26,23.02
1911.58,240.17,16.68,12.31,17.28,21.33
1911.67,224.74,16.2,12.18,17.29,20.05
1911.75,226.03,15.9,12.18,17.3,20.25
1911.83,237.55,15.76,12.31,17.3,21.38
1911.92,241.11,15.62,12.44,17.31,21.79
1912,238.86,15.69,12.33,17.32,21.68
1912.08,234.33,15.77,12.23,17.32,21.36
1912.17,236.2,15.68,12,17.32,21.62
1912.25,236.4,15.45,11.67,17.31,21.73
1912.33,236.15,15.67,11.69,17.31,21.8
1912.42,238.49,16.06,11.82,17.3,22.1
1912.5,238.74,16.29,11.84,17.3,22.22
1912.58,241.82,16.35,11.75,17.29,22.6
1912.67,240.69,16.42,11.66,17.28,22.58
1912.75,240.21,16.64,11.68,17.27,22.63
1912.83,237.52,16.86,11.7,17.27,22.47
1912.92,231.22,17.26,11.83,17.27,21.96
1913,227.02,16.95,11.72,17.27,21.66
1913.08,218.97,16.8,11.72,17.26,20.98
1913.17,214.82,16.66,11.72,17.26,20.68
1913.25,214.57,16.52,11.72,17.26,20.75
1913.33,210.87,16.54,11.84,17.25,20.49
1913.42,198.22,16.23,11.72,17.25,19.35
1913.5,198.87,15.93,11.6,17.24,19.51
1913.58,204.19,15.79,11.6,17.24,20.13
1913.67,204.06,15.49,11.48,17.23,20.21
1913.75,197.6,15.35,11.48,17.23,19.66
1913.83,190.67,15.06,11.37,17.22,19.07
1913.92,192.34,15.07,11.48,17.21,19.33
1914,200.23,14.85,11.36,17.21,20.22
1914.08,204.92,14.78,11.36,17.2,20.79
1914.17,201.05,14.56,11.24,17.2,20.49
1914.25,198.22,14.48,11.23,17.2,20.3
1914.33,197.42,14.12,10.99,17.2,20.31
1914.42,196.46,13.89,10.87,17.19,20.3
1914.5,183.73,13.54,10.65,17.18,19.08
1914.58,180.13,13.06,10.32,17.17,18.8
1914.67,180.13,12.84,10.2,17.15,18.88
1914.75,181.91,12.75,10.18,17.14,19.16
1914.83,180.13,12.41,9.97,17.13,19.06
1914.92,174.09,12.32,9.95,17.11,18.51
1915,177.17,13.03,9.97,17.1,18.92
1915.08,176.55,13.88,10.09,17.09,18.95
1915.17,182.93,14.74,10.21,17.08,19.72
1915.25,194.73,15.31,10.13,17.08,21.09
1915.33,188.3,15.87,10.05,17.08,20.48
1915.42,190.44,16.58,10.07,17.07,20.81
1915.5,189.73,17.29,10.09,17.07,20.82
1915.58,197.78,18,10.11,17.07,21.8
1915.67,205.12,18.71,10.13,17.08,22.7
1915.75,214.37,19.23,10.05,17.08,23.81
1915.83,219.72,19.74,9.97,17.09,24.5
1915.92,220.18,20.44,9.99,17.1,24.64
1916,214.62,21.49,10.14,17.11,24.12
1916.08,211.63,22.73,10.39,17.13,23.88
1916.17,208.93,23.74,10.54,17.16,23.67
1916.25,204.7,24.76,10.68,17.19,23.29
1916.33,207.26,25.73,10.83,17.23,23.69
1916.42,207.33,26.69,10.96,17.28,23.8
1916.5,204.45,27.89,11.2,17.34,23.58
1916.58,204.11,28.82,11.34,17.4,23.65
1916.67,208.62,29.48,11.37,17.47,24.28
1916.75,211.28,30.1,11.4,17.54,24.7
1916.83,212.39,30.7,11.42,17.62,24.94
1916.92,202.11,31.55,11.55,17.71,23.85
1917,195.68,30.85,11.67,17.8,23.2
1917.08,180.02,29.66,11.6,17.89,21.46
1917.17,185.6,29.27,11.81,17.97,22.24
1917.25,174.11,27.47,11.45,18.05,20.98
1917.33,165.59,26.65,11.48,18.12,20.07
1917.42,166.36,25.86,11.5,18.18,20.28
1917.5,164.28,25.87,11.88,18.25,20.15
1917.58,156.97,25.08,11.9,18.31,19.37
1917.67,146.06,24.16,11.83,18.37,18.14
1917.75,136.09,23.43,11.84,18.42,17.03
1917.83,124.75,23.05,12.04,18.47,15.74
1917.92,118.74,22.35,12.05,18.52,15.1
1918,123.2,21.46,11.62,18.55,15.8
1918.08,126.06,20.9,11.37,18.58,16.28
1918.17,124.4,20.64,11.28,18.6,16.19
1918.25,121.47,19.93,10.95,18.63,15.93
1918.33,122.75,19.12,10.56,18.65,16.21
1918.42,121.24,18.47,10.25,18.66,16.12
1918.5,118.98,17.6,9.82,18.67,15.93
1918.58,117.75,16.89,9.48,18.68,15.87
1918.67,114.89,16.2,9.14,18.68,15.59
1918.75,117.52,15.52,8.82,18.68,16.05
1918.83,118.29,14.88,8.51,18.68,16.25
1918.92,114.54,14.35,8.26,18.67,15.83
1919,113.82,14.28,8.22,18.66,15.82
1919.08,116.37,14.47,8.32,18.65,16.27
1919.17,118.45,14.22,8.17,18.64,16.66
1919.25,120.19,13.9,7.97,18.62,17
1919.33,126.98,13.66,7.83,18.59,18.05
1919.42,130.37,13.59,7.79,18.57,18.63
1919.5,130.75,13.13,7.52,18.54,18.77
1919.58,119.88,12.84,7.34,18.5,17.3
1919.67,121.09,12.7,7.26,18.46,17.56
1919.75,125.17,12.42,7.09,18.42,18.24
1919.83,118.84,12.09,6.9,18.38,17.4
1919.92,112.91,11.77,6.71,18.33,16.61
1920,109.45,11.39,6.55,18.27,16.18
1920.08,99.37,11.14,6.46,18.22,14.77
1920.17,105.29,10.9,6.38,18.16,15.73
1920.25,101.35,10.45,6.17,18.1,15.22
1920.33,93.6,10.17,6.06,18.04,14.13
1920.42,90.66,9.9,5.95,17.97,13.76
1920.5,90.98,9.82,5.96,17.91,13.89
1920.58,89.56,9.94,6.09,17.84,13.75
1920.67,94.14,9.96,6.16,17.77,14.53
1920.75,94.73,9.88,6.17,17.7,14.7
1920.83,90.38,9.8,6.18,17.63,14.1
1920.92,83.98,9.87,6.29,17.55,13.19
1921,89.52,9.54,6.37,17.48,14.14
1921.08,91.79,9.3,6.52,17.4,14.59
1921.17,89.94,8.79,6.5,17.32,14.38
1921.25,91.33,8.33,6.52,17.24,14.69
1921.33,96.23,7.94,6.61,17.16,15.56
1921.42,89.03,7.41,6.59,17.07,14.49
1921.5,88.26,6.79,6.5,16.98,14.45
1921.58,87.18,6.22,6.44,16.89,14.36
1921.67,90.36,5.71,6.46,16.8,14.97
1921.75,91.59,5.13,6.4,16.72,15.27
1921.83,97.07,4.57,6.38,16.63,16.27
1921.92,101.08,4.01,6.36,16.53,17.03
1922,103.34,4.58,6.57,16.44,17.5
1922.08,105.6,5.05,6.63,16.34,17.98
1922.17,110.88,5.59,6.77,16.25,18.97
1922.25,117.61,6.06,6.83,16.17,20.22
1922.33,122.19,6.54,6.89,16.09,21.11
1922.42,121.05,7.02,6.95,16.02,21.01
1922.5,121.18,7.45,6.97,15.94,21.13
1922.58,127.25,8.02,7.11,15.87,22.3
1922.67,130.57,8.5,7.17,15.8,22.98
1922.75,132.65,8.93,7.19,15.73,23.45
1922.83,125.31,9.35,7.2,15.67,22.26
1922.92,124.29,9.77,7.22,15.6,22.19
1923,126.73,10.17,7.29,15.54,22.73
1923.08,132.15,10.51,7.31,15.49,23.81
1923.17,134.28,10.86,7.33,15.43,24.31
1923.25,128.82,11.14,7.31,15.38,23.43
1923.33,122.73,11.48,7.34,15.34,22.43
1923.42,117.36,11.75,7.32,15.3,21.56
1923.5,112.1,11.95,7.26,15.26,20.71
1923.58,113.32,12.36,7.32,15.23,21.05
1923.67,113.36,12.62,7.3,15.2,21.17
1923.75,111.04,12.88,7.28,15.17,20.85
1923.83,114.36,13.22,7.31,15.15,21.58
1923.92,118.23,13.55,7.33,15.14,22.43
1924,122.1,13.49,7.35,15.13,23.28
1924.08,123.37,13.52,7.42,15.12,23.64
1924.17,121.71,13.54,7.48,15.1,23.44
1924.25,119.61,13.56,7.55,15.1,23.16
1924.33,119.19,13.5,7.58,15.09,23.2
1924.42,121.44,13.44,7.6,15.08,23.76
1924.5,126.33,13.3,7.58,15.08,24.84
1924.58,131.44,13.32,7.65,15.08,25.97
1924.67,129.41,13.19,7.62,15.08,25.69
1924.75,126.99,13.05,7.6,15.08,25.34
1924.83,134.08,12.99,7.63,15.08,26.88
1924.92,140.5,12.86,7.61,15.09,28.3
1925,146.3,13.23,7.66,15.09,29.59
1925.08,148.41,13.68,7.77,15.1,30.15
1925.17,143.68,13.97,7.78,15.09,29.32
1925.25,142.98,14.42,7.88,15.09,29.31
1925.33,146.72,14.7,7.89,15.08,30.21
1925.42,147.64,14.9,7.86,15.07,30.54
1925.5,150.02,15.1,7.83,15.06,31.17
1925.58,152.05,15.45,7.88,15.04,31.72
1925.67,155.57,15.81,7.94,15.02,32.6
1925.75,160.7,16.18,8,14.99,33.81
1925.83,162.94,16.25,7.92,14.97,34.42
1925.92,166.52,16.71,8.02,14.94,35.32
1926,169.06,16.69,8.12,14.91,36
1926.08,169.33,16.68,8.22,14.87,36.2
1926.17,158.72,16.77,8.37,14.82,34.09
1926.25,153.43,16.67,8.42,14.76,33.1
1926.33,155.36,16.75,8.57,14.69,33.67
1926.42,163.68,16.83,8.72,14.62,35.63
1926.5,172.52,17.01,8.92,14.53,37.72
1926.58,180.38,17.09,9.07,14.44,39.6
1926.67,182.09,16.98,9.12,14.35,40.14
1926.75,176.98,16.88,9.17,14.24,39.18
1926.83,178.27,16.77,9.22,14.13,39.64
1926.92,182.33,16.76,9.33,14.02,40.72
1927,183.18,16.8,9.52,13.89,41.08
1927.08,187.81,16.75,9.67,13.78,42.3
1927.17,191.8,16.7,9.82,13.67,43.38
1927.25,196.5,16.55,9.91,13.56,44.64
1927.33,202.11,16.31,9.94,13.47,46.1
1927.42,202.39,15.97,9.92,13.39,46.35
1927.5,210.47,16.1,10.19,13.3,48.39
1927.58,222.96,16.04,10.34,13.22,51.46
1927.67,234.25,15.81,10.37,13.15,54.27
1927.75,229.33,15.56,10.4,13.08,53.33
1927.83,235.91,15.5,10.56,13.01,55.07
1927.92,241.44,15.35,10.65,12.95,56.56
1928,242.41,15.67,10.74,12.89,57
1928.08,242.31,16.16,10.96,12.84,57.19
1928.17,255.32,16.47,11.05,12.8,60.48
1928.25,271.41,16.79,11.15,12.77,64.51
1928.33,278.17,17,11.17,12.74,66.34
1928.42,266.09,17.42,11.33,12.72,63.68
1928.5,268.05,17.74,11.43,12.71,64.38
1928.58,276.72,18.05,11.52,12.72,66.69
1928.67,292.74,18.14,11.48,12.73,70.79
1928.75,300.43,18.57,11.64,12.74,72.88
1928.83,320.73,18.87,11.73,12.77,78.04
1928.92,323.87,19.31,11.89,12.8,79.05
1929,347.79,19.57,12.03,12.84,85.13
1929.08,349.61,19.84,12.17,12.89,85.82
1929.17,357.86,20.24,12.38,12.93,88.1
1929.25,357.85,20.62,12.6,12.98,88.36
1929.33,361.1,20.77,12.67,13.04,89.42
1929.42,365.84,20.92,12.73,13.1,90.86
1929.5,393.83,20.94,12.72,13.16,98.07
1929.58,416.23,21.2,12.86,13.22,103.92
1929.67,432.82,21.46,13,13.29,108.33
1929.75,387.05,21.74,13.14,13.36,97.15
1929.83,284.59,22,13.28,13.44,71.71
1929.92,297.65,22.39,13.49,13.52,75.28
1930,303.72,21.78,13.58,13.61,77.1
1930.08,324.65,21.15,13.67,13.7,82.71
1930.17,338.88,20.53,13.77,13.78,86.63
1930.25,358.28,19.66,13.7,13.86,91.88
1930.33,338.88,19.01,13.79,13.94,87.2
1930.42,306.44,18.37,13.88,14.01,79.15
1930.5,303.5,17.83,14.06,14.08,78.69
1930.58,301.43,17.15,14.16,14.15,78.46
1930.67,299.47,16.28,14.09,14.21,78.25
1930.75,259.82,15.62,14.18,14.26,68.2
1930.83,242.44,14.92,14.28,14.31,63.95
1930.92,230.46,14.41,14.56,14.35,61.11
1931,240.43,14.14,14.54,14.39,64.08
1931.08,262.09,13.87,14.53,14.43,70.17
1931.17,268.83,13.49,14.42,14.47,72.3
1931.25,244.79,13.12,14.3,14.51,66.15
1931.33,224.06,12.82,14.28,14.55,60.87
1931.42,219.74,12.52,14.26,14.59,60.02
1931.5,227.03,12.04,14.05,14.63,62.33
1931.58,220.22,11.57,13.84,14.68,60.78
1931.67,188.67,11.16,13.72,14.72,52.39
1931.75,164.57,10.76,13.59,14.77,46.01
1931.83,169.09,10.42,13.56,14.81,47.59
1931.92,138.29,10,13.44,14.86,39.24
1932,138.85,9.93,13.27,14.91,39.71
1932.08,139.64,9.78,13.01,14.96,40.24
1932.17,141.15,9.57,12.64,14.99,40.98
1932.25,108.08,9.35,12.28,15.03,31.68
1932.33,96.22,9.2,11.99,15.06,28.49
1932.42,83.91,8.97,11.61,15.08,25.14
1932.5,88.13,8.68,11.14,15.09,26.68
1932.58,133.44,8.45,10.75,15.1,40.67
1932.67,147.47,8.21,10.35,15.11,45.2
1932.75,128.07,7.97,9.95,15.1,39.51
1932.83,127.77,7.73,9.55,15.1,39.67
1932.92,124.55,7.49,9.13,15.08,38.9
1933,131.48,7.65,9.18,15.06,41.31
1933.08,117.73,7.82,9.23,15.04,37.23
1933.17,118.29,7.93,9.21,15.02,37.65
1933.25,130.82,7.97,9.11,15,41.88
1933.33,168.41,8.02,9.02,14.97,54.15
1933.42,195.72,8.01,8.85,14.94,63.17
1933.5,205.08,7.81,8.49,14.91,66.42
1933.58,193.38,7.79,8.34,14.88,62.85
1933.67,191.75,7.84,8.25,14.84,62.55
1933.75,173.08,7.88,8.16,14.8,56.68
1933.83,177.25,7.93,8.06,14.76,58.26
1933.92,180.69,7.97,7.97,14.71,59.61
1934,191.02,8.05,7.99,14.67,63.24
1934.08,203.61,8.06,7.94,14.62,67.63
1934.17,193.18,8.14,7.96,14.57,64.39
1934.25,196.42,8.21,7.97,14.53,65.69
1934.33,176.45,8.29,7.99,14.49,59.23
1934.42,177.46,8.3,7.94,14.44,59.79
1934.5,169.07,8.38,7.96,14.4,57.19
1934.58,162.46,8.45,7.97,14.36,55.18
1934.67,156.2,8.4,7.87,14.32,53.28
1934.75,158.6,8.54,7.94,14.28,54.32
1934.83,163.03,8.61,7.96,14.24,56.06
1934.92,165.32,8.75,8.03,14.2,57.08
1935,162.89,10.03,7.92,14.17,56.47
1935.08,156.81,11.35,7.86,14.14,54.59
1935.17,146.86,12.75,7.86,14.12,51.35
1935.25,156.71,13.12,7.74,14.11,55.02
1935.33,169.02,13.58,7.69,14.1,59.57
1935.42,176.72,14.14,7.68,14.09,62.51
1935.5,185.97,13.85,7.68,14.09,66.01
1935.58,198.54,13.56,7.68,14.08,70.7
1935.67,202.73,13.27,7.68,14.06,72.42
1935.75,208.15,13.27,7.86,14.04,74.59
1935.83,226.05,13.17,7.97,14.01,81.24
1935.92,226.05,13.17,8.15,13.99,81.48
1936,238.54,13.35,8.32,13.96,86.23
1936.08,252.23,13.52,8.49,13.93,91.44
1936.17,259.48,13.79,8.73,13.91,94.33
1936.25,259.83,14.32,9.02,13.88,94.73
1936.33,246.04,14.84,9.31,13.86,89.99
1936.42,254.66,15.26,9.53,13.85,93.43
1936.5,267.8,15.49,9.81,13.83,98.55
1936.58,271.18,15.72,10.08,13.82,100.11
1936.67,274.26,16.06,10.42,13.81,101.56
1936.75,288.61,16.52,11.05,13.8,107.22
1936.83,296.64,16.97,11.68,13.8,110.56
1936.92,291.52,17.43,12.3,13.8,109.03
1937,298.44,17.81,12.39,13.8,112.01
1937.08,307.27,18.32,12.56,13.81,115.72
1937.17,304.76,18.7,12.64,13.83,115.17
1937.25,284.57,18.9,13.05,13.84,107.95
1937.33,269.96,19.11,13.46,13.86,102.83
1937.42,259.83,19.44,13.96,13.89,99.42
1937.5,273.38,19.58,13.47,13.91,105.03
1937.58,276.19,19.85,13.09,13.94,106.53
1937.67,235.46,19.99,12.62,13.98,91.23
1937.75,201.21,19.5,12.78,14.01,78.37
1937.83,184.78,19.14,13.03,14.04,72.39
1937.92,183.08,18.77,13.29,14.07,72.16
1938,190.54,18.14,13.37,14.1,75.54
1938.08,187.31,17.36,13.35,14.12,74.7
1938.17,174.93,16.46,13.23,14.13,70.2
1938.25,166.62,15.22,12.92,14.13,67.3
1938.33,169.33,14.2,12.78,14.12,68.82
1938.42,173.23,13.06,12.56,14.1,70.83
1938.5,207.67,12.22,12.1,14.06,85.33
1938.58,208.86,11.37,11.65,14.01,86.22
1938.67,199.36,10.52,11.2,13.96,82.68
1938.75,223.17,10.71,10.42,13.89,92.91
1938.83,223.34,10.82,9.57,13.83,93.32
1938.92,216.84,10.94,8.71,13.76,90.91
1939,213.6,11.33,8.77,13.69,89.85
1939.08,213.41,11.82,8.89,13.62,90.09
1939.17,213.24,12.22,8.95,13.56,90.33
1939.25,187.74,12.6,9.07,13.49,79.85
1939.33,194.68,12.89,9.13,13.42,83.12
1939.42,198.14,13.17,9.19,13.36,84.93
1939.5,203,13.46,9.36,13.29,87.34
1939.58,200.05,13.75,9.53,13.23,86.42
1939.67,216.66,13.74,9.5,13.17,93.94
1939.75,220.43,14.35,9.91,13.1,95.93
1939.83,216.5,14.87,10.25,13.04,94.59
1939.92,211.38,15.38,10.59,12.98,92.74
1940,211.69,16.01,10.73,12.92,93.27
1940.08,208.81,16.4,10.71,12.88,92.39
1940.17,207.62,16.92,10.77,12.84,92.26
1940.25,209.67,17.2,10.88,12.81,93.57
1940.33,180.79,17.49,10.99,12.79,81.09
1940.42,164.07,17.65,11.03,12.77,74.01
1940.5,170.71,18,11.22,12.77,77.42
1940.58,174.3,18.23,11.33,12.77,79.48
1940.67,181.64,18.45,11.45,12.78,83.26
1940.75,183.35,18.28,11.45,12.8,84.48
1940.83,187.62,18.11,11.45,12.82,86.89
1940.92,178.66,17.81,11.37,12.85,83.18
1941,179,17.87,11.42,12.87,83.78
1941.08,167.8,17.93,11.48,12.9,78.99
1941.17,167.63,17.86,11.46,12.94,79.36
1941.25,161.27,17.9,11.43,12.97,76.8
1941.33,156.66,17.94,11.41,13.01,75.05
1941.42,158.84,17.74,11.23,13.06,76.54
1941.5,166.97,18.28,11.28,13.1,80.92
1941.58,163.93,18.57,11.19,13.15,79.89
1941.67,162.23,18.85,11.09,13.21,79.52
1941.75,153.7,18.45,11,13.28,75.79
1941.83,145.56,18.18,10.98,13.34,72.22
1941.92,135.2,17.9,10.96,13.4,67.54
1942,136.07,17.07,10.72,13.47,68.42
1942.08,130.97,16.35,10.55,13.53,66.29
1942.17,122.31,15.55,10.32,13.58,62.34
1942.25,116.49,15.16,10.1,13.63,59.81
1942.33,116.39,14.68,9.83,13.68,60.18
1942.42,122.26,14.38,9.69,13.73,63.63
1942.5,126.03,14.1,9.43,13.77,66
1942.58,124.54,13.82,9.18,13.82,65.62
1942.67,125.85,13.63,8.99,13.86,66.71
1942.75,133.51,13.9,8.74,13.91,71.15
1942.83,134.85,14.24,8.54,13.96,72.25
1942.92,134.76,14.58,8.35,14.01,72.57
1943,142.83,14.77,8.35,14.07,77.29
1943.08,151.32,14.96,8.35,14.13,82.26
1943.17,153.97,14.88,8.21,14.19,84.07
1943.25,157.29,14.85,8.11,14.25,86.26
1943.33,162.54,14.9,8.07,14.31,89.5
1943.42,165.41,15.04,8.07,14.36,91.46
1943.5,169.8,15.03,8.16,14.42,94.26
1943.58,162.34,15.03,8.25,14.48,90.5
1943.67,164.85,14.85,8.25,14.54,92.28
1943.75,163.34,14.21,8.3,14.6,91.82
1943.83,155.77,13.57,8.34,14.65,87.96
1943.92,157.84,12.92,8.39,14.7,89.52
1944,162.92,12.88,8.43,14.74,92.8
1944.08,161.82,12.83,8.48,14.78,92.58
1944.17,166.36,12.79,8.52,14.82,95.58
1944.25,162.54,12.67,8.52,14.86,93.79
1944.33,165.41,12.62,8.57,14.9,95.86
1944.42,172.22,12.51,8.56,14.93,100.22
1944.5,175.7,12.34,8.56,14.97,102.67
1944.58,173.14,12.25,8.61,15,101.58
1944.67,170.3,12.16,8.65,15.03,100.34
1944.75,174.49,12.3,8.65,15.06,103.24
1944.83,173.27,12.43,8.65,15.1,102.94
1944.92,176.06,12.5,8.6,15.13,105.03
1945,181.3,12.63,8.65,15.16,108.58
1945.08,187.35,12.77,8.69,15.18,112.64
1945.17,187.22,12.9,8.74,15.19,113
1945.25,191.92,13.08,8.74,15.19,116.27
1945.33,198.07,13.19,8.69,15.19,120.43
1945.42,199.45,13.22,8.59,15.19,121.71
1945.5,195.35,13.17,8.64,15.18,119.65
1945.58,196.01,13.13,8.68,15.18,120.5
1945.67,209.36,13.08,8.72,15.17,129.15
1945.75,218.08,12.95,8.72,15.17,134.98
1945.83,225.22,12.82,8.72,15.17,139.85
1945.92,227.79,12.62,8.68,15.17,141.89
1946,236.86,12.36,8.76,15.16,148
1946.08,238.83,12.16,8.9,15.15,149.69
1946.17,229.16,11.77,8.89,15.14,144.1
1946.25,242.61,11.44,8.84,15.12,153.01
1946.33,241.82,11.12,8.79,15.1,152.98
1946.42,237.69,10.75,8.7,15.07,150.83
1946.5,218.09,10.35,8.26,15.03,138.82
1946.58,209.62,10.34,8.13,14.99,133.86
1946.67,176.96,10.44,8.09,14.94,113.44
1946.75,169.65,10.89,8.01,14.9,109.18
1946.83,164.99,11.27,7.9,14.85,106.6
1946.92,168.35,11.79,7.9,14.8,109.2
1947,169.24,12.57,7.94,14.76,110.21
1947.08,175.81,13.35,7.97,14.71,114.92
1947.17,165.6,13.87,7.87,14.67,108.67
1947.25,159.49,14.49,8.01,14.63,105.1
1947.33,156.65,15.11,8.16,14.59,103.67
1947.42,161.37,15.66,8.26,14.56,107.26
1947.5,169.94,15.91,8.3,14.53,113.41
1947.58,164.38,16.09,8.29,14.5,110.16
1947.67,156.64,16.12,8.22,14.47,105.44
1947.75,160.7,16.33,8.39,14.43,108.64
1947.83,158.14,16.47,8.53,14.41,107.39
1947.92,153.66,16.46,8.59,14.39,104.83
1948,149.69,16.59,8.51,14.37,102.61
1948.08,143.54,17.07,8.62,14.35,98.88
1948.17,146.2,17.48,8.69,14.35,101.21
1948.25,154.8,17.69,8.54,14.36,107.66
1948.33,161.65,18.12,8.51,14.38,112.92
1948.42,166.96,18.46,8.44,14.41,117.12
1948.5,160.99,18.92,8.4,14.46,113.42
1948.58,155.65,19.53,8.43,14.51,110.15
1948.67,153.89,20.21,8.5,14.58,109.41
1948.75,158.73,21.01,8.73,14.66,113.37
1948.83,151.15,21.91,9,14.75,108.49
1948.92,150.78,22.73,9.23,14.84,108.78
1949,153.11,23.13,9.44,14.94,111.02
1949.08,148.46,23.62,9.68,15.04,108.24
1949.17,149.87,23.92,9.85,15.14,109.87
1949.25,149.04,23.89,9.94,15.23,109.87
1949.33,148.56,24.06,10.12,15.33,110.14
1949.42,139.83,24.02,10.21,15.42,104.29
1949.5,148.99,24.19,10.36,15.51,111.77
1949.58,153.69,24.06,10.39,15.6,115.94
1949.67,155.05,23.92,10.41,15.69,117.62
1949.75,160.39,23.89,10.83,15.77,122.36
1949.83,161.93,23.55,11.12,15.85,124.24
1949.92,167.66,23.52,11.56,15.92,129.38
1950,171.84,23.79,11.71,15.99,133.35
1950.08,175.2,23.96,11.81,16.06,136.72
1950.17,175.87,24.02,11.86,16.12,138.02
1950.25,180.84,24.6,11.96,16.18,142.7
1950.33,186.13,25.07,12.01,16.24,147.67
1950.42,188.37,25.53,12.06,16.3,150.24
1950.5,172.52,25.81,12.34,16.37,138.42
1950.58,181.44,26.19,12.67,16.43,146.42
1950.67,187.07,26.67,13.04,16.5,151.84
1950.75,193.23,26.84,13.39,16.57,157.75
1950.83,192.06,27.12,13.79,16.64,157.73
1950.92,188.99,27.18,14.07,16.71,156.17
1951,199.77,26.72,14,16.79,166.04
1951.08,204.79,26.37,13.99,16.87,171.19
1951.17,200.56,26.24,14.09,16.94,168.64
1951.25,203.25,25.9,14.22,17.01,171.89
1951.33,202.56,25.46,14.29,17.07,172.31
1951.42,199.05,25.12,14.41,17.14,170.35
1951.5,202.56,24.48,14.29,17.2,174.37
1951.58,211.43,23.83,14.16,17.25,183.02
1951.67,215.21,23.01,13.93,17.29,187.31
1951.75,213.3,22.71,13.54,17.33,186.62
1951.83,205.79,22.32,13.11,17.36,181.01
1951.92,211.33,22.03,12.73,17.4,186.82
1952,218.38,21.91,12.76,17.43,193.98
1952.08,216.03,21.95,12.89,17.47,192.86
1952.17,216.58,21.83,12.92,17.52,194.3
1952.25,215.12,21.57,12.96,17.57,193.97
1952.33,215.03,21.39,13.05,17.63,194.87
1952.42,220.09,21.12,13.09,17.68,200.44
1952.5,224.71,21.03,12.99,17.74,205.63
1952.58,225.61,21.09,12.99,17.79,207.44
1952.67,222.03,21.15,12.99,17.86,205.14
1952.75,217.37,21.26,12.87,17.92,201.83
1952.83,224.27,21.38,12.75,17.98,209.22
1952.92,233.32,21.5,12.63,18.04,218.65
1953,235.45,21.67,12.68,18.1,221.64
1953.08,233.45,21.85,12.73,18.15,220.76
1953.17,233.74,21.85,12.68,18.21,222.03
1953.25,222.23,22.09,12.71,18.27,212.1
1953.33,222.56,22.25,12.69,18.33,213.43
1953.42,213.79,22.41,12.68,18.39,206.03
1953.5,216.82,22.52,12.68,18.45,209.97
1953.58,216.91,22.56,12.63,18.52,211.07
1953.67,206.95,22.68,12.63,18.58,202.4
1953.75,212.38,22.48,12.67,18.64,208.75
1953.83,217.89,22.44,12.81,18.71,215.21
1953.92,220.82,22.32,12.9,18.79,219.17
1954,226.42,22.44,12.95,18.86,225.8
1954.08,231.4,22.56,13.01,18.94,231.85
1954.17,236.29,22.68,13.07,19.03,237.84
1954.25,246.64,22.97,13.06,19.11,249.35
1954.33,255.5,23.09,12.95,19.19,259.4
1954.42,257.55,23.3,12.9,19.28,262.57
1954.5,267.95,23.33,12.95,19.37,274.28
1954.58,273.29,23.36,13.01,19.46,280.85
1954.67,280.74,23.48,13.12,19.55,289.63
1954.75,287.25,23.89,13.33,19.65,297.49
1954.83,298.5,24.31,13.54,19.75,310.31
1954.92,313.33,24.82,13.8,19.84,326.92
1955,318.97,25.39,13.86,19.95,334.01
1955.08,329.63,25.95,13.92,20.05,346.39
1955.17,327.04,26.52,13.98,20.16,344.89
1955.25,338.33,27.3,14.01,20.28,358.02
1955.33,336.89,28.07,14.04,20.4,357.75
1955.42,356.42,28.85,14.07,20.52,379.73
1955.5,381.07,29.4,14.16,20.65,407.25
1955.58,378.75,30.05,14.31,20.78,406.04
1955.67,394.33,30.59,14.41,20.93,424.03
1955.75,374.5,31.13,14.47,21.07,404
1955.83,399.75,31.66,14.53,21.22,432.55
1955.92,404.99,32.31,14.64,21.38,439.54
1956,394.1,32.52,14.91,21.54,429.07
1956.08,396.6,32.73,15.17,21.71,433.17
1956.17,423.92,32.94,15.44,21.88,464.41
1956.25,427.32,32.55,15.59,22.06,469.56
1956.33,412.36,32.16,15.74,22.24,454.56
1956.42,406.95,31.66,15.83,22.41,450.06
1956.5,425.9,31.02,15.83,22.59,472.47
1956.58,424.92,30.73,16.01,22.76,472.86
1956.67,408.96,30.21,16.07,22.93,456.59
1956.75,402.25,29.95,15.72,23.09,450.57
1956.83,398.08,29.81,15.43,23.25,447.33
1956.92,402.53,29.56,15.08,23.41,453.74
1957,393.77,29.53,15.05,23.55,445.29
1957.08,375.43,29.39,14.97,23.7,425.95
1957.17,378.89,29.26,14.89,23.83,431.29
1957.25,386.28,29.21,14.83,23.96,441.11
1957.33,399.68,29.16,14.78,24.08,457.82
1957.42,404.82,29.12,14.73,24.2,465.11
1957.5,410.07,29.05,14.71,24.31,472.55
1957.58,387.5,29.19,14.79,24.42,447.96
1957.67,371.78,29.33,14.88,24.53,431.22
1957.75,348.61,29.05,14.96,24.64,405.8
1957.83,339.89,28.67,14.99,24.74,397.1
1957.92,339.72,28.39,15.08,24.85,398.37
1958,343.95,27.55,14.92,24.95,404.79
1958.08,345.13,26.91,14.86,25.04,407.63
1958.17,349.79,26.08,14.7,25.12,414.58
1958.25,350.48,25.41,14.54,25.19,416.84
1958.33,361.74,24.83,14.43,25.25,431.66
1958.42,370.43,24.25,14.32,25.31,443.45
1958.5,379.3,24.03,14.27,25.36,455.5
1958.58,394.85,23.98,14.32,25.4,475.6
1958.67,405.28,23.84,14.32,25.44,489.6
1958.75,421.75,23.87,14.38,25.47,510.95
1958.83,433.09,23.81,14.38,25.49,526.13
1958.92,442.78,23.92,14.49,25.51,539.37
1959,458.82,24.45,14.49,25.52,560.39
1959.08,453.38,25.14,14.6,25.53,555.22
1959.17,464.88,25.74,14.65,25.54,570.81
1959.25,471.03,26.45,14.66,25.56,579.86
1959.33,478.13,27.25,14.71,25.58,590.1
1959.42,472.37,27.95,14.72,25.6,584.51
1959.5,489.44,27.94,14.72,25.64,607.14
1959.58,486.65,28.02,14.77,25.67,605.22
1959.67,465.8,28.01,14.78,25.7,580.82
1959.75,463.81,27.8,14.78,25.74,579.87
1959.83,465.68,27.69,14.84,25.77,583.76
1959.92,480.57,27.58,14.89,25.8,603.98
1960,473.8,27.68,15.24,25.84,597.07
1960.08,453.88,27.58,15.49,25.87,573.59
1960.17,447.7,27.58,15.79,25.9,567.44
1960.25,451.94,27.14,15.76,25.93,574.48
1960.33,447.8,26.79,15.79,25.95,570.89
1960.42,462.78,26.35,15.76,25.96,591.66
1960.5,451.3,26.37,15.76,25.97,578.67
1960.58,456.72,26.4,15.76,25.98,587.29
1960.67,442.98,26.43,15.76,25.98,571.31
1960.75,431.33,26.25,15.65,25.98,557.98
1960.83,445.3,26.25,15.65,25.97,577.74
1960.92,455.98,26.25,15.65,25.96,593.28
1961,479.42,25.77,15.63,25.96,625.48
1961.08,499.09,25.29,15.6,25.95,652.83
1961.17,514.74,24.81,15.57,25.94,675.01
1961.25,528.47,24.65,15.57,25.93,694.71
1961.33,533.85,24.48,15.57,25.92,703.49
1961.42,526.79,24.32,15.57,25.91,695.89
1961.5,521.84,24.22,15.52,25.9,691.06
1961.58,542.39,24.35,15.63,25.9,720
1961.67,536.35,24.32,15.63,25.9,713.72
1961.75,542.25,24.69,15.79,25.92,723.32
1961.83,566.81,25.07,15.95,25.93,757.85
1961.92,572.08,25.44,16.11,25.95,766.69
1962,550.78,25.92,16.16,25.98,739.96
1962.08,558.1,26.31,16.16,26.02,751.59
1962.17,558.65,26.78,16.21,26.05,754.15
1962.25,539.06,26.96,16.21,26.09,729.53
1962.33,498.97,27.22,16.27,26.14,677.12
1962.42,440.67,27.49,16.32,26.19,599.84
1962.5,449.8,27.55,16.32,26.24,614.12
1962.58,462.04,27.71,16.37,26.29,632.69
1962.67,456.42,27.78,16.37,26.35,626.87
1962.75,442.02,28.15,16.5,26.41,608.98
1962.83,472.48,28.51,16.63,26.46,652.85
1962.92,492.94,28.88,16.76,26.52,683.05
1963,511.98,28.99,16.81,26.58,711.38
1963.08,518.75,29.09,16.87,26.64,722.74
1963.17,515.09,29.1,16.86,26.7,719.59
1963.25,539.32,29.44,16.99,26.77,755.43
1963.33,550.15,29.78,17.13,26.83,772.59
1963.42,548.12,30.02,17.2,26.89,771.75
1963.5,538.23,30.23,17.17,26.95,759.84
1963.58,553.11,30.55,17.2,27.02,782.87
1963.67,567.68,30.86,17.22,27.08,805.53
1963.75,567.24,30.91,17.35,27.15,806.95
1963.83,564.05,31.07,17.53,27.22,804.5
1963.92,574.23,31.12,17.65,27.29,821.11
1964,591.88,31.54,17.78,27.37,848.47
1964.08,599.16,31.95,17.91,27.44,861.04
1964.17,610.07,32.36,18.04,27.52,878.89
1964.25,618.9,32.75,18.17,27.6,893.78
1964.33,624.94,33.14,18.3,27.68,904.71
1964.42,619.22,33.41,18.37,27.77,898.64
1964.5,640.15,33.67,18.46,27.85,931.25
1964.58,632.8,34.14,18.68,27.94,922.82
1964.67,641.61,34.38,18.77,28.03,937.95
1964.75,652.69,34.59,18.92,28.12,956.45
1964.83,655.12,34.68,19.02,28.21,962.34
1964.92,643.77,34.89,19.17,28.29,948.01
1965,660.33,35.22,19.3,28.38,974.77
1965.08,665.16,35.55,19.42,28.46,984.29
1965.17,663.65,35.77,19.49,28.54,984.46
1965.25,670.22,36.06,19.58,28.62,996.62
1965.33,680.2,36.47,19.73,28.69,1013.91
1965.42,643.8,36.64,19.76,28.76,962.1
1965.5,642.81,36.99,19.89,28.82,963.11
1965.58,654.78,37.35,20.01,28.89,983.53
1965.67,676.65,37.7,20.14,28.95,1018.91
1965.75,689.69,38.11,20.23,29.01,1041.08
1965.83,695.42,38.64,20.38,29.07,1052.3
1965.92,690.08,39.04,20.46,29.12,1046.79
1966,702.04,39.42,20.61,29.18,1067.54
1966.08,692.94,39.55,20.63,29.24,1056.32
1966.17,662.39,39.8,20.72,29.29,1012.37
1966.25,678.43,39.85,20.71,29.35,1039.53
1966.33,642.73,40.14,20.84,29.41,987.49
1966.42,635.43,40.31,20.9,29.48,978.95
1966.5,631.86,40.31,20.98,29.55,976.14
1966.58,590.03,40.19,21,29.63,914.22
1966.67,569.25,40.31,21.14,29.71,884.75
1966.75,560.84,40.16,20.97,29.79,874.4
1966.83,588.91,40.26,20.92,29.88,920.88
1966.92,591.38,40.36,20.87,29.96,927.47
1967,614.07,40.11,20.94,30.05,965.78
1967.08,635.23,39.87,21.01,30.14,1001.82
1967.17,648.24,39.51,21.02,30.23,1025.1
1967.25,657.41,39.1,20.96,30.31,1042.36
1967.33,667.18,38.69,20.9,30.4,1060.61
1967.42,656.84,38.29,20.83,30.48,1046.93
1967.5,666.19,38.1,20.82,30.55,1064.6
1967.58,674.77,37.92,20.8,30.63,1081.08
1967.67,682.16,37.74,20.79,30.7,1095.7
1967.75,679.07,37.69,20.73,30.77,1093.51
1967.83,655.83,37.65,20.67,30.84,1058.86
1967.92,672.52,37.61,20.61,30.92,1088.59
1968,666.75,37.65,20.56,31,1082.02
1968.08,634.8,37.8,20.57,31.08,1032.94
1968.17,621.37,37.94,20.58,31.17,1013.88
1968.25,665.32,38.13,20.61,31.27,1088.4
1968.33,678.65,38.32,20.64,31.37,1113.02
1968.42,692.87,38.4,20.61,31.49,1139.16
1968.5,687.53,38.39,20.59,31.61,1133.19
1968.58,670.59,38.48,20.62,31.72,1108.12
1968.67,690.42,38.58,20.65,31.85,1143.73
1968.75,703.46,38.58,20.62,31.97,1168.16
1968.83,712.28,38.7,20.66,32.09,1185.68
1968.92,717.69,38.82,20.69,32.22,1197.55
1969,685.43,38.84,20.7,32.34,1146.6
1969.08,678.26,38.76,20.65,32.46,1137.49
1969.17,658.05,38.57,20.54,32.57,1106.45
1969.25,667.6,38.4,20.5,32.68,1125.39
1969.33,687.45,38.34,20.51,32.78,1161.74
1969.42,648.01,38.17,20.46,32.87,1097.96
1969.5,615.69,38.07,20.39,32.96,1046.08
1969.58,608.93,37.97,20.32,33.04,1037.48
1969.67,609.42,37.98,20.31,33.12,1041.2
1969.75,612.63,37.54,20.22,33.21,1049.56
1969.83,613.77,37.11,20.14,33.29,1054.38
1969.92,578.15,36.68,20.05,33.37,996.06
1970,571.55,36.26,20.02,33.44,987.58
1970.08,548.72,35.76,19.94,33.51,950.98
1970.17,555.17,35.26,19.85,33.58,965.04
1970.25,534.07,34.76,19.72,33.65,931.22
1970.33,471.39,34.44,19.69,33.71,824.79
1970.42,466.06,34.03,19.61,33.77,818.33
1970.5,464.47,33.53,19.53,33.84,818.39
1970.58,477.97,33.21,19.55,33.9,845.04
1970.67,503.97,32.71,19.47,33.95,893.87
1970.75,512.28,32.08,19.27,34.01,911.46
1970.83,509.15,31.45,19.07,34.05,908.72
1970.92,541.27,30.84,18.87,34.1,968.86
1971,561.95,31.02,18.81,34.14,1008.68
1971.08,582.24,31.12,18.71,34.18,1047.9
1971.17,595.68,31.22,18.6,34.23,1074.88
1971.25,614.48,31.34,18.53,34.28,1111.58
1971.33,603.12,31.38,18.42,34.34,1093.81
1971.42,587.58,31.35,18.27,34.4,1068.4
1971.5,581.91,31.49,18.2,34.45,1060.84
1971.58,570.16,31.62,18.14,34.51,1042.18
1971.67,582.83,31.84,18.12,34.58,1068.09
1971.75,569.06,32.29,18.03,34.64,1045.61
1971.83,542.68,32.81,18,34.7,999.9
1971.92,577.23,33.18,17.87,34.77,1066.31
1972,601.27,33.39,17.87,34.83,1113.47
1972.08,609.37,33.44,17.78,34.89,1131.2
1972.17,622.34,33.57,17.74,34.95,1158.03
1972.25,627.18,33.8,17.7,35.01,1169.78
1972.33,619.35,34.02,17.65,35.07,1157.91
1972.42,619.59,34.25,17.61,35.12,1161.1
1972.5,612.06,34.41,17.55,35.18,1149.74
1972.58,632.25,34.65,17.52,35.24,1190.4
1972.67,621.65,34.89,17.5,35.29,1173.2
1972.75,619.85,35.25,17.55,35.35,1172.55
1972.83,649.42,35.7,17.64,35.41,1231.27
1972.92,661.4,36.14,17.73,35.47,1256.79
1973,664.9,36.76,17.73,35.53,1266.25
1973.08,636.83,37.21,17.64,35.6,1215.59
1973.17,621,37.57,17.51,35.66,1188.16
1973.25,605.21,38.1,17.48,35.74,1160.73
1973.33,584.18,38.62,17.46,35.81,1123.19
1973.42,567.22,39.13,17.43,35.88,1093.38
1973.5,571.34,39.87,17.48,35.96,1104.13
1973.58,550.6,39.98,17.26,36.04,1066.82
1973.67,558.91,40.7,17.31,36.12,1085.71
1973.75,576.04,41.17,17.35,36.2,1121.8
1973.83,531.62,41.71,17.43,36.28,1038.13
1973.92,490.78,42.25,17.5,36.37,961.23
1974,493.4,42.23,17.45,36.46,969.2
1974.08,473.64,42.03,17.33,36.55,933.23
1974.17,487.67,41.84,17.22,36.64,963.69
1974.25,460.81,42.3,17.24,36.72,913.47
1974.33,441.39,42.4,17.13,36.8,877.8
1974.42,438.37,42.67,17.09,36.87,874.63
1974.5,384.07,42.92,17.09,36.95,769.13
1974.58,363.77,43,17.03,37.03,731.32
1974.67,322.06,43.07,16.97,37.1,650.31
1974.75,325.09,42.31,16.82,37.17,659.25
1974.83,333.25,41.64,16.71,37.24,678.62
1974.92,309.15,40.98,16.59,37.3,632.37
1975,333.18,40.15,16.64,37.35,684.34
1975.08,365,39.17,16.62,37.39,752.55
1975.17,380.32,38.36,16.66,37.42,786.99
1975.25,383.13,37.47,16.66,37.44,795.69
1975.33,405.16,36.53,16.62,37.45,844.32
1975.42,412.4,35.53,16.56,37.45,862.29
1975.5,408.23,34.84,16.38,37.44,856.43
1975.58,377.61,34.48,16.35,37.43,795.04
1975.67,370.98,34,16.26,37.4,783.93
1975.75,385.95,34.11,16.12,37.37,818.4
1975.83,389.64,34.15,15.96,37.34,829.06
1975.92,382.34,34.31,15.86,37.3,816.32
1976,416.76,35.25,15.85,37.26,892.63
1976.08,431.3,36.13,15.81,37.23,926.6
1976.17,432.67,37.06,15.79,37.2,932.37
1976.25,434.54,37.77,15.83,37.17,939.24
1976.33,428.5,38.33,15.82,37.16,929.03
1976.42,428.76,38.96,15.84,37.14,932.46
1976.5,436.56,39.17,15.88,37.13,952.31
1976.58,430.53,39.39,15.92,37.12,942.05
1976.67,438.17,39.66,15.99,37.11,961.68
1976.75,421.03,39.95,16.18,37.11,927.01
1976.83,417.41,40.38,16.43,37.11,922.07
1976.92,430.37,40.73,16.65,37.11,953.75
1977,424.48,40.76,16.75,37.11,943.8
1977.08,408.83,40.57,16.77,37.12,912.12
1977.17,404.48,40.53,16.85,37.12,905.53
1977.25,394.93,40.64,16.93,37.13,887.31
1977.33,391.81,40.89,17.07,37.14,883.51
1977.42,391.32,41.07,17.18,37.16,885.63
1977.5,392.96,41.24,17.28,37.19,892.61
1977.58,382.1,41.49,17.41,37.21,871.23
1977.67,374.93,41.73,17.53,37.24,858.22
1977.75,364.05,41.83,17.7,37.27,836.67
1977.83,364.37,41.86,17.83,37.31,840.83
1977.92,361.42,41.95,17.99,37.34,837.49
1978,345.45,41.72,18.04,37.38,803.95
1978.08,338.42,41.49,18.09,37.41,791.11
1978.17,335.15,41.2,18.11,37.44,786.99
1978.25,347.09,41.27,18.11,37.47,818.57
1978.33,361.29,41.27,18.08,37.5,855.62
1978.42,358.33,41.2,18.02,37.52,852.16
1978.5,353.89,41.3,18.01,37.55,845.17
1978.58,376.6,41.53,18.06,37.57,903.01
1978.67,373.77,41.62,18.06,37.6,899.83
1978.75,358.67,42.15,17.96,37.62,867.06
1978.83,336.16,42.86,17.94,37.65,816.28
1978.92,339.62,43.57,17.92,37.69,828.3
1979,349.25,44.32,17.91,37.73,855.42
1979.08,340.08,44.93,17.85,37.77,836.61
1979.17,343.08,45.58,17.82,37.82,847.64
1979.25,345.97,45.84,17.78,37.88,858.44
1979.33,333.68,46.02,17.71,37.94,831.62
1979.42,336.51,46.26,17.67,38.01,842.33
1979.5,336.1,46.46,17.66,38.07,844.99
1979.58,348.15,46.72,17.68,38.14,878.98
1979.67,348.26,46.92,17.67,38.22,882.99
1979.75,332.44,46.79,17.68,38.29,846.61
1979.83,326.85,46.6,17.66,38.37,836.13
1979.92,336.23,46.35,17.62,38.45,863.87
1980,341.01,46.13,17.53,38.53,879.9
1980.08,349.6,45.93,17.43,38.61,905.81
1980.17,312.7,45.67,17.32,38.69,813.95
1980.25,304.2,44.81,17.27,38.78,795.59
1980.33,314.98,44.03,17.24,38.87,827.51
1980.42,331.51,43.22,17.18,38.95,874.7
1980.5,346.55,42.93,17.31,39.02,918.2
1980.58,354.68,42.33,17.31,39.1,943.56
1980.67,360.27,41.69,17.29,39.18,962.26
1980.75,367.31,41.47,17.21,39.25,984.89
1980.83,379.69,41.3,17.15,39.33,1021.93
1980.92,370.07,41.08,17.08,39.41,999.87
1981,365.72,40.53,17.05,39.5,991.95
1981.08,349.45,39.9,16.98,39.58,951.67
1981.17,360.06,39.41,16.98,39.65,984.41
1981.25,360.86,39.53,16.96,39.72,990.45
1981.33,350.85,39.61,16.93,39.79,966.86
1981.42,349.34,39.63,16.87,39.85,966.56
1981.5,337.17,39.43,16.8,39.92,936.76
1981.58,335.91,39.35,16.79,39.99,937.15
1981.67,303.66,39.2,16.74,40.05,851.06
1981.75,306.85,39.19,16.79,40.12,863.93
1981.83,313.78,39.14,16.83,40.17,887.4
1981.92,315.07,39.09,16.87,40.23,895.02
1982,297.58,38.5,16.9,40.27,849.33
1982.08,289.55,37.92,16.92,40.32,830.45
1982.17,280.49,37.49,17.01,40.35,808.53
1982.25,293.18,36.8,17.02,40.39,849.18
1982.33,290.67,35.92,16.93,40.41,846.01
1982.42,270.55,34.95,16.8,40.43,791.52
1982.5,268.43,34.27,16.74,40.43,789.39
1982.58,268.61,33.7,16.74,40.43,794.04
1982.67,299.1,33.14,16.74,40.42,888.28
1982.75,323.28,32.29,16.7,40.41,964.22
1982.83,337.12,31.6,16.75,40.39,1009.67
1982.92,341.69,30.98,16.84,40.35,1027.55
1983,352.97,30.74,16.84,40.31,1065.72
1983.08,358.72,30.53,16.85,40.26,1087.31
1983.17,371.18,30.35,16.89,40.2,1129.35
1983.25,382.62,30.27,16.79,40.14,1168.41
1983.33,395.74,30.23,16.71,40.08,1212.73
1983.42,400.08,30.27,16.69,40.01,1230.28
1983.5,399.91,30.72,16.67,39.93,1234.04
1983.58,387.73,31.19,16.66,39.86,1200.74
1983.67,397.21,31.6,16.63,39.78,1234.39
1983.75,397.21,32.08,16.65,39.71,1238.71
1983.83,390.52,32.59,16.69,39.63,1222.17
1983.92,388.25,33.13,16.74,39.56,1219.42
1984,390.65,33.9,16.72,39.48,1231.36
1984.08,367.49,34.69,16.7,39.41,1162.72
1984.17,367,35.58,16.74,39.35,1165.61
1984.25,365.69,36.14,16.76,39.3,1165.87
1984.33,362.31,36.76,16.81,39.25,1159.57
1984.42,353.19,37.37,16.86,39.2,1134.88
1984.5,347.24,37.5,16.85,39.15,1120.26
1984.58,376.36,37.64,16.84,39.11,1218.73
1984.67,378.44,37.73,16.81,39.07,1230.01
1984.75,374.41,37.68,16.88,39.02,1221.47
1984.83,377.81,37.74,16.99,38.98,1237.21
1984.92,373.72,37.8,17.11,38.95,1228.49
1985,389.12,37.54,17.17,38.92,1283.79
1985.08,408.27,37.18,17.19,38.9,1351.7
1985.17,403.36,36.85,17.22,38.88,1340.21
1985.25,404.16,36.1,17.2,38.87,1347.63
1985.33,412.24,35.38,17.2,38.86,1379.35
1985.42,419.98,34.71,17.21,38.85,1410.06
1985.5,427.19,34.36,17.25,38.84,1439.09
1985.58,417.1,34.02,17.29,38.84,1409.94
1985.67,406.67,33.64,17.32,38.84,1379.55
1985.75,409.79,33.06,17.3,38.83,1395.04
1985.83,433.47,32.52,17.29,38.82,1480.54
1985.92,453.73,31.98,17.29,38.81,1554.66
1986,454.45,31.82,17.33,38.79,1562.08
1986.08,480.21,31.85,17.47,38.76,1655.63
1986.17,510.78,31.93,17.63,38.73,1766.1
1986.25,524.28,32.12,17.73,38.68,1817.88
1986.33,523.93,32.18,17.74,38.64,1821.8
1986.42,535.92,32.14,17.7,38.59,1868.61
1986.5,524.77,32.24,17.79,38.53,1834.93
1986.58,534.29,32.28,17.85,38.47,1873.38
1986.67,517.32,32.24,17.87,38.41,1819.11
1986.75,514.9,31.94,17.89,38.35,1815.83
1986.83,531.11,31.64,17.91,38.28,1878.29
1986.92,538.21,31.35,17.93,38.21,1908.67
1987,569.03,31.6,17.86,38.13,2023.24
1987.08,602.15,31.93,17.83,38.06,2146.27
1987.17,624.21,32.22,17.8,37.98,2230.23
1987.25,614.1,31.57,17.83,37.92,2199.39
1987.33,611.5,30.98,17.89,37.84,2195.44
1987.42,635.27,30.39,17.96,37.76,2286.15
1987.5,651.89,31.32,18.01,37.67,2351.34
1987.58,688.83,32.16,18.01,37.59,2490
1987.67,662.98,32.99,18.01,37.51,2401.97
1987.75,581.37,34.04,18.07,37.44,2111.77
1987.83,507.9,35.14,18.16,37.37,1850.38
1987.92,499.6,36.28,18.26,37.31,1825.71
1988,517.95,36.94,18.31,37.27,1898.33
1988.08,532.28,37.59,18.36,37.23,1956.48
1988.17,545.61,38.17,18.38,37.19,2011.07
1988.25,536.48,40.08,18.48,37.17,1983.1
1988.33,521.42,42.03,18.6,37.16,1933.16
1988.42,548.81,43.93,18.71,37.17,2040.49
1988.5,543.26,44.46,18.79,37.19,2025.69
1988.58,530.12,44.98,18.86,37.21,1982.56
1988.67,535.17,45.39,18.89,37.24,2007.33
1988.75,552.1,45.92,19.01,37.28,2076.76
1988.83,538.91,46.57,19.17,37.31,2033.17
1988.92,548.94,47.17,19.32,37.34,2077.06
1989,563.8,47.73,19.39,37.37,2139.41
1989.08,578.4,48.32,19.47,37.4,2200.97
1989.17,572.55,48.82,19.52,37.42,2184.89
1989.25,587.48,48.68,19.6,37.45,2248.12
1989.33,606.57,48.57,19.7,37.47,2327.46
1989.42,624,48.62,19.86,37.5,2400.67
1989.5,638.26,47.52,20.04,37.52,2461.98
1989.58,665.46,46.46,20.25,37.52,2573.4
1989.67,664.67,45.34,20.42,37.52,2576.93
1989.75,661.69,44.62,20.56,37.51,2572
1989.83,646.43,44.01,20.76,37.49,2519.42
1989.92,661.34,43.44,20.96,37.47,2584.34
1990,638.39,42.23,20.92,37.45,2501.45
1990.08,617.6,41.27,20.99,37.41,2426.86
1990.17,629.13,40.28,21.04,37.37,2479.06
1990.25,627.64,39.96,21.23,37.33,2480.14
1990.33,648.53,39.62,21.39,37.29,2569.73
1990.42,663.71,39.15,21.49,37.25,2636.98
1990.5,660.5,39.3,21.51,37.22,2631.37
1990.58,601.25,39.23,21.42,37.19,2402.44
1990.67,568.62,39.19,21.34,37.16,2279.13
1990.75,550.35,38.72,21.37,37.14,2213.06
1990.83,563.73,38.39,21.48,37.12,2274.04
1990.92,587.79,38.16,21.63,37.09,2378.39
1991,578.5,37.65,21.52,37.07,2348.07
1991.08,642.9,37.32,21.5,37.05,2616.72
1991.17,659.7,36.98,21.48,37.02,2692.4
1991.25,671.82,36.03,21.46,37,2749.15
1991.33,666.86,35.03,21.42,36.97,2736.15
1991.42,665.43,34.04,21.37,36.94,2737.57
1991.5,667.86,33.09,21.42,36.89,2754.91
1991.58,681.96,32.1,21.43,36.84,2820.46
1991.67,675.14,31.07,21.41,36.78,2799.64
1991.75,673.6,29.95,21.33,36.71,2800.63
1991.83,669.98,28.8,21.23,36.63,2792.92
1991.92,673.99,27.7,21.16,36.55,2816.98
1992,720.77,27.8,21.2,36.45,3019.9
1992.08,712.09,27.83,21.2,36.36,2990.95
1992.17,699.59,27.82,21.16,36.28,2945.81
1992.25,698.67,28.27,21.13,36.2,2949.37
1992.33,710.34,28.71,21.1,36.13,3006.06
1992.42,696.65,29.09,21.02,36.07,2955.53
1992.5,706.7,29.59,21.02,36.02,3005.62
1992.58,709.59,30.07,21,35.98,3025.33
1992.67,708.51,30.54,20.98,35.95,3028.19
1992.75,695.92,31.03,20.9,35.93,2981.83
1992.83,712.36,31.57,20.86,35.92,3059.72
1992.92,734.44,32.18,20.87,35.92,3162.04
1993,730.15,32.45,20.82,35.93,3151.02
1993.08,738.42,32.75,20.81,35.94,3194.18
1993.17,749.94,33.05,20.79,35.96,3251.51
1993.25,736.09,32.68,20.76,35.98,3198.98
1993.33,738.67,32.35,20.75,36,3217.71
1993.42,742.31,32.02,20.74,36.02,3241.06
1993.5,741.03,32.62,20.74,36.03,3243.04
1993.58,750.28,33.13,20.68,36.05,3291.08
1993.67,757.16,33.65,20.64,36.07,3328.77
1993.75,761.69,34.32,20.59,36.08,3356.25
1993.83,759.51,35.1,20.61,36.1,3354.21
1993.92,764.53,35.9,20.64,36.12,3383.98
1994,773.96,36.26,20.66,36.14,3433.33
1994.08,769.02,36.58,20.66,36.16,3419.06
1994.17,753.78,36.91,20.66,36.18,3358.96
1994.25,725.85,38.21,20.7,36.19,3242.18
1994.33,731.31,39.53,20.75,36.21,3274.29
1994.42,735.19,40.73,20.75,36.23,3299.42
1994.5,727.68,41.77,20.75,36.26,3273.47
1994.58,745.37,42.74,20.71,36.3,3360.79
1994.67,747.73,43.76,20.7,36.34,3379.21
1994.75,742.19,45.48,20.82,36.39,3362.01
1994.83,736.72,47.16,20.93,36.45,3345.15
1994.92,727.42,48.9,21.06,36.53,3310.89
1995,740.53,49.74,20.98,36.62,3378.51
1995.08,764.01,50.57,20.89,36.73,3493.59
1995.17,779.23,51.43,20.83,36.84,3571.13
1995.25,799.91,52.25,20.86,36.96,3673.87
1995.33,823.33,53.13,20.92,37.09,3789.42
1995.42,846.09,54.01,20.97,37.24,3902.21
1995.5,874.35,54.4,21.08,37.4,4040.69
1995.58,874.79,54.65,21.14,37.57,4050.84
1995.67,903.78,54.94,21.21,37.74,4193.25
1995.75,907.3,54.12,21.25,37.92,4217.79
1995.83,927.53,53.53,21.37,38.09,4320.12
1995.92,957.8,52.93,21.49,38.27,4469.49
1996,951.99,52.66,21.53,38.44,4450.72
1996.08,1003.16,52.53,21.62,38.62,4698.36
1996.17,994.21,52.3,21.66,38.79,4664.9
1996.25,990.54,52.54,21.67,38.96,4656.18
1996.33,1010.12,52.89,21.71,39.13,4756.73
1996.42,1020.58,53.3,21.79,39.3,4814.51
1996.5,981.4,53.75,21.94,39.48,4638.32
1996.58,1007.83,54.2,22.1,39.66,4771.95
1996.67,1023.14,54.58,22.22,39.84,4853.17
1996.75,1060.07,55.78,22.28,40.03,5037.18
1996.83,1109.67,57.05,22.35,40.23,5281.71
1996.92,1121.1,58.42,22.47,40.44,5345.04
1997,1152.12,58.99,22.48,40.66,5501.84
1997.08,1196.73,59.56,22.49,40.89,5723.83
1997.17,1184.42,60.17,22.52,41.12,5673.94
1997.25,1140.79,60.25,22.54,41.35,5473.91
1997.33,1244.84,60.44,22.6,41.59,5982.24
1997.42,1307.76,60.52,22.62,41.84,6293.66
1997.5,1379.17,60.49,22.68,42.09,6646.4
1997.58,1379.49,60.42,22.72,42.33,6657.11
1997.67,1390.59,60.31,22.75,42.57,6719.78
1997.75,1408.08,59.71,22.78,42.8,6813.47
1997.83,1390.82,59.29,22.88,43.01,6739.18
1997.92,1427.32,58.91,22.99,43.21,6925.34
1998,1426.14,58.71,23.02,43.4,6928.9
1998.08,1512.71,58.51,23.05,43.58,7358.87
1998.17,1588.22,58.32,23.08,43.75,7735.54
1998.25,1637.36,57.93,23.19,43.92,7984.28
1998.33,1628.79,57.54,23.29,44.07,7951.95
1998.42,1626.74,57.19,23.41,44.2,7951.5
1998.5,1695.39,56.69,23.48,44.31,8296.61
1998.58,1573.32,56.2,23.55,44.41,7708.84
1998.67,1492.46,55.7,23.62,44.51,7322.31
1998.75,1506.08,55.38,23.58,44.59,7398.75
1998.83,1669.4,55.19,23.61,44.67,8210.73
1998.92,1737,55.04,23.65,44.74,8552.93
1999,1818.27,55.23,23.71,44.81,8962.83
1999.08,1812.88,55.49,23.8,44.87,8946.01
1999.17,1858.24,55.65,23.85,44.93,9179.7
1999.25,1921.26,56.51,23.56,44.99,9500.69
1999.33,1917.39,57.78,23.45,45.05,9491.21
1999.42,1903.68,59.04,23.33,45.13,9433
1999.5,1981.84,60.27,23.38,45.22,9829.93
1999.58,1900.5,61.53,23.45,45.32,9436.19
1999.67,1878.17,62.64,23.45,45.45,9335
1999.75,1848.99,64.52,23.42,45.59,9199.68
1999.83,1977.23,66.48,23.42,45.76,9847.44
1999.92,2030.79,68.47,23.43,45.95,10123.91
2000,2020.39,69.58,23.49,46.15,10081.85
2000.08,1956.76,70.47,23.48,46.38,9774.08
2000.17,2015.29,71.18,23.42,46.63,10076.21
2000.25,2040.86,71.6,23.38,46.88,10213.78
2000.33,1978.67,71.97,23.32,47.15,9912.25
2000.42,2028.67,72.05,23.17,47.42,10172.43
2000.5,2039.26,72.7,22.95,47.69,10235.11
2000.58,2056.51,73.52,22.79,47.97,10331.22
2000.67,2021.88,73.96,22.5,48.25,10166.66
2000.75,1911.27,72.14,22.43,48.54,9619.91
2000.83,1893.55,70.4,22.39,48.82,9540.09
2000.92,1829.87,68.74,22.37,49.09,9228.64
2001,1824.79,66.24,22.09,49.34,9212.33
2001.08,1776.87,63.9,21.87,49.58,8979.58
2001.17,1610.04,61.69,21.68,49.8,8145.65
2001.25,1609.07,57.55,21.47,50.01,8149.77
2001.33,1710.24,53.41,21.25,50.19,8671.15
2001.42,1664.81,49.45,21.09,50.34,8449.71
2001.5,1623.32,45.77,21.17,50.47,8248.1
2001.58,1588.35,41.97,21.19,50.58,8079.37
2001.67,1401.62,37.98,21.12,50.66,7138.49
2001.75,1449.36,36.49,21.19,50.72,7390.66
2001.83,1523.41,34.92,21.23,50.77,7777.25
2001.92,1550.09,33.43,21.31,50.82,7922.53
2002,1540.21,33.36,21.26,50.87,7881.1
2002.08,1480.95,33.23,21.17,50.92,7586.87
2002.17,1543.74,33.05,21.05,50.96,7917.53
2002.25,1479.45,33.77,21.06,51,7596.85
2002.33,1435.97,34.67,21.2,51.05,7382.64
2002.42,1348.43,35.56,21.32,51.1,6941.71
2002.5,1200.25,37.11,21.19,51.15,6187.96
2002.58,1208.13,38.58,21.01,51.22,6237.59
2002.67,1146.99,40.1,20.87,51.29,5930.93
2002.75,1127.7,38.82,20.96,51.37,5840.22
2002.83,1200.67,37.62,21.08,51.43,6227.21
2002.92,1189.11,36.49,21.25,51.48,6176.44
2003,1179.48,37.52,21.22,51.52,6135.59
2003.08,1093.62,38.43,21.13,51.56,5698.12
2003.17,1099.56,39.38,21.07,51.61,5738.21
2003.25,1158.44,41.3,21.09,51.66,6054.66
2003.33,1220.21,43.2,21.1,51.73,6386.71
2003.42,1286.65,44.99,21.06,51.82,6743.66
2003.5,1291.16,46.69,21.22,51.93,6776.55
2003.58,1282.36,48.26,21.32,52.05,6739.7
2003.67,1316.84,49.84,21.43,52.17,6930.31
2003.75,1343.21,54.27,21.8,52.31,7078.64
2003.83,1361.34,58.81,22.2,52.48,7183.9
2003.92,1402.72,63.27,22.57,52.67,7412.19
2004,1462.91,64.36,22.73,52.9,7740.3
2004.08,1468.98,65.41,22.88,53.14,7782.51
2004.17,1434.84,66.38,23,53.38,7611.76
2004.25,1442.19,67.93,23.18,53.62,7661.03
2004.33,1395.12,69.28,23.29,53.87,7421.27
2004.42,1428.51,70.81,23.46,54.12,7609.31
2004.5,1396.79,71.6,23.73,54.37,7450.84
2004.58,1374.7,72.25,23.95,54.62,7343.68
2004.67,1407.99,72.78,24.14,54.86,7532.24
2004.75,1400.05,72.72,24.13,55.1,7500.52
2004.83,1464.11,73.01,24.23,55.33,7854.52
2004.92,1507.54,73.6,24.44,55.55,8098.49
2005,1482.05,74.19,24.72,55.75,7972.61
2005.08,1496.28,74.5,24.9,55.96,8060.3
2005.17,1478.81,74.65,25.04,56.16,7977.46
2005.25,1431.48,75.4,25.16,56.35,7733.41
2005.33,1449.99,76.72,25.47,56.54,7844.91
2005.42,1478.73,77.93,25.74,56.74,8011.99
2005.5,1496.39,78.88,25.85,56.94,8119.36
2005.58,1491.25,79.78,25.94,57.14,8103.17
2005.67,1475.23,80.11,25.85,57.35,8027.83
2005.75,1431.48,81.29,26.09,57.56,7801.61
2005.83,1498.05,83.31,26.6,57.79,8176.49
2005.92,1534.17,85.01,27.01,58.04,8385.89
2006,1542.66,85.47,27.04,58.3,8444.63
2006.08,1537.05,86.39,27.21,58.58,8426.34
2006.17,1549.05,87.01,27.29,58.86,8504.59
2006.25,1545.99,87,27.31,59.15,8500.28
2006.33,1523.99,87.28,27.44,59.44,8391.89
2006.42,1477.55,87.83,27.64,59.72,8148.85
2006.5,1481.5,89.17,27.81,60.01,8183.44
2006.58,1510.17,90.59,28.02,60.3,8354.68
2006.67,1553.68,92.64,28.42,60.61,8608.49
2006.75,1616.25,94.3,28.88,60.93,8968.53
2006.83,1648.65,95.61,29.23,61.25,9161.81
2006.92,1679.13,96.63,29.49,61.57,9344.86
2007,1683.17,96.98,29.65,61.89,9381.08
2007.08,1698.48,97.11,29.73,62.2,9480.2
2007.17,1639.06,96.87,29.7,62.52,9162.35
2007.25,1694.09,96.92,29.77,62.82,9483.87
2007.33,1738.45,97.02,29.85,63.13,9746.11
2007.42,1738.59,97.5,30.05,63.43,9760.93
2007.5,1746.52,95.11,30.36,63.74,9819.66
2007.58,1673.68,92.86,30.72,64.03,9424.55
2007.67,1717.85,90.19,30.95,64.3,9687.77
2007.75,1762.89,85.26,31.17,64.55,9956.43
2007.83,1665.67,80.04,31.27,64.76,9422.06
2007.92,1684.82,75.38,31.58,64.93,9545.26
2008,1562.63,72.82,31.64,65.07,8867.94
2008.08,1531.1,70.43,31.77,65.19,8704.07
2008.17,1475.45,67.66,31.71,65.29,8402.71
2008.25,1526.17,63.9,31.67,65.37,8706.58
2008.33,1549.59,60.05,31.55,65.42,8855.2
2008.42,1466.38,56.16,31.39,65.44,8394.63
2008.5,1367.45,53.9,31.28,65.43,7843.21
2008.58,1399.29,52.15,31.45,65.4,8040.86
2008.67,1330.68,50.24,31.55,65.37,7661.7
2008.75,1070.15,39.32,31.7,65.33,6176.84
2008.83,994.46,28.42,32.14,65.19,5755.45
2008.92,998.62,16.93,32.31,64.97,5795.09
2009,980.72,13.83,31.74,64.65,5706.56
2009.08,907.83,10.75,31.15,64.31,5297.52
2009.17,851.53,7.72,30.65,63.93,4983.9
2009.25,951.52,7.94,29.95,63.53,5583.75
2009.33,1009.48,8.16,29.25,63.13,5938.16
2009.42,1027.18,8.33,28.38,62.71,6056.19
2009.5,1039.58,10.21,27.8,62.29,6143
2009.58,1119.18,12.04,27.11,61.88,6626.68
2009.67,1157.05,13.89,26.47,61.46,6863.98
2009.75,1181.51,28.05,25.9,61.06,7021.89
2009.83,1203.24,42.2,25.33,60.75,7163.61
2009.92,1230.08,56.46,24.83,60.55,7335.71
2010,1240.47,59.94,24.56,60.45,7409.84
2010.08,1202.17,63.59,24.37,60.37,7193.18
2010.17,1266.38,66.98,24.08,60.31,7589.43
2010.25,1313.86,69.12,24.09,60.28,7886.01
2010.33,1233.61,71.32,24.12,60.26,7416.4
2010.42,1189.05,73.65,24.19,60.25,7160.61
2010.5,1184.89,75.37,24.3,60.26,7147.77
2010.58,1191.45,77.01,24.39,60.29,7199.62
2010.67,1228.87,78.7,24.49,60.32,7438.07
2010.75,1281.49,80.6,24.59,60.36,7768.94
2010.83,1310.81,82.57,24.72,60.43,7959.18
2010.92,1355.1,84.43,24.81,60.53,8240.67
2011,1393.31,85.46,24.95,60.66,8485.69
2011.08,1428.09,86.47,25.07,60.82,8710.24
2011.17,1396.5,87.05,25.08,61.01,8530.29
2011.25,1416.31,87.4,25.24,61.22,8664.12
2011.33,1416.87,87.89,25.45,61.47,8680.56
2011.42,1364.32,88.89,25.8,61.75,8371.76
2011.5,1403.24,89.91,26.07,62.08,8623.94
2011.58,1251.67,90.76,26.29,62.45,7705.9
2011.67,1237.72,91.71,26.55,62.86,7633.64
2011.75,1275.51,91.89,27.04,63.3,7880.57
2011.83,1296.89,91.96,27.51,63.77,8026.83
2011.92,1318.01,92.17,28.02,64.24,8172.01
2012,1372.67,92.33,28.22,64.73,8525.5
2012.08,1421.2,92.48,28.42,65.22,8841.62
2012.17,1448.81,92.34,28.52,65.72,9028.2
2012.25,1441.53,91.84,28.77,66.21,8997.74
2012.33,1396.21,91.74,29.14,66.69,8730.04
2012.42,1379.72,91.66,29.52,67.17,8642.29
2012.5,1419.87,91.31,30.01,67.64,8909.48
2012.58,1457.36,90.31,30.29,68.09,9160.56
2012.67,1492.21,89.42,30.59,68.52,9395.62
2012.75,1487,89.46,31.17,68.93,9379.17
2012.83,1449.07,89.89,31.9,69.35,9156.72
2012.92,1481.93,90.14,32.56,69.79,9381.5
2013,1537.93,90.28,32.76,70.24,9753.29
2013.08,1558.32,89.96,32.79,70.68,9899.91
2013.17,1593.84,90.13,33,71.1,10143.07
2013.25,1615.94,91.34,33.43,71.53,10301.45
2013.33,1684.08,92.29,33.77,71.94,10753.73
2013.42,1658.46,93.18,34.09,72.35,10608.28
2013.5,1708.92,94.31,34.46,72.76,10949.42
2013.58,1708.31,95.36,34.8,73.15,10964.08
2013.67,1723.77,96.42,35.15,73.54,11082.14
2013.75,1761.88,98.66,35.44,73.93,11346.14
2013.83,1830.68,100.85,35.71,74.3,11808.33
2013.92,1855.72,102.86,35.92,74.65,11989.15
2014,1863.75,102.7,36.21,74.98,12060.54
2014.08,1851.46,102.54,36.5,75.3,12000.71
2014.17,1886.67,102.1,36.68,75.61,12248.74
2014.25,1881.22,102.32,36.95,75.91,12233.33
2014.33,1900.33,102.53,37.2,76.2,12377.73
2014.42,1954.33,102.74,37.52,76.47,12749.83
2014.5,1982.01,102.96,37.71,76.74,12950.92
2014.58,1955.06,103.17,37.9,77,12795.46
